数据由邢不行整理，对数据字段有疑问的，可以直接微信私信邢不行，微信号：xbx9585
股票代码,股票名称,交易日期,开盘价,最高价,最低价,收盘价,前收盘价,成交量,成交额,流通市值,总市值
sh603668,N天马,2017-01-17,8.94,8.94,8.94,8.94,6.21,23415.0,209330.0,473820000.0,1895280000.0
sh603668,天马科技,2017-01-18,9.83,9.83,9.83,9.83,8.94,7265.0,71415.0,520990000.0,2083960000.0
sh603668,天马科技,2017-01-19,10.81,10.81,10.81,10.81,9.83,14392.0,155578.0,572930000.0,2291720000.0
sh603668,天马科技,2017-01-20,11.89,11.89,11.89,11.89,10.81,29996.0,356652.0,630170000.0,2520680000.0
sh603668,天马科技,2017-01-23,13.08,13.08,13.08,13.08,11.89,45814.0,599247.0,693240000.0,2772960000.0
sh603668,天马科技,2017-01-24,14.39,14.39,14.39,14.39,13.08,52698.0,758324.0,762670000.0,3050680000.0
sh603668,天马科技,2017-01-25,15.83,15.83,15.83,15.83,14.39,92218.0,1459811.0,838990000.0,3355960000.0
sh603668,天马科技,2017-01-26,17.41,17.41,17.41,17.41,15.83,230047.0,4005118.0,922730000.0,3690920000.0
sh603668,天马科技,2017-02-03,19.15,19.15,19.15,19.15,17.41,579077.0,11089325.0,1014950000.0,4059800000.0
sh603668,天马科技,2017-02-06,21.07,21.07,21.07,21.07,19.15,2012530.0,42404007.0,1116710000.0,4466840000.0
sh603668,天马科技,2017-02-07,23.18,23.18,23.18,23.18,21.07,487939.0,11310426.0,1228540000.0,4914160000.0
sh603668,天马科技,2017-02-08,23.61,25.5,23.23,25.5,23.18,35854435.0,881663976.0,1351500000.0,5406000000.0
sh603668,天马科技,2017-02-09,25.2,27.59,24.58,26.14,25.5,36132431.0,941830179.0,1385420000.0,5541680000.0
sh603668,天马科技,2017-02-10,25.0,25.79,24.51,24.96,26.14,22029068.0,552055132.0,1322880000.0,5291520000.0
sh603668,天马科技,2017-02-13,24.4,27.0,24.38,26.23,24.96,25027272.0,647552206.0,1390190000.0,5560760000.0
sh603668,天马科技,2017-02-14,25.71,28.85,25.61,28.85,26.23,25725885.0,703523230.0,1529050000.0,6116200000.0
sh603668,天马科技,2017-02-15,28.85,31.74,28.65,29.35,28.85,32347333.0,978387580.0,1555550000.0,6222200000.0
sh603668,天马科技,2017-02-16,28.32,28.5,26.8,28.03,29.35,21899297.0,607540190.0,1485590000.0,5942360000.0
sh603668,天马科技,2017-02-17,27.5,27.63,25.64,25.8,28.03,16831535.0,447135328.0,1367400000.0,5469600000.0
sh603668,天马科技,2017-02-20,25.5,25.62,23.93,24.92,25.8,12183035.0,301351434.0,1320760000.0,5283040000.0
sh603668,天马科技,2017-02-21,25.01,25.55,24.99,25.21,24.92,9324425.0,235175834.0,1336130000.0,5344520000.0
sh603668,天马科技,2017-02-22,24.97,25.08,24.23,24.69,25.21,9434028.0,231740148.0,1308570000.0,5234280000.0
sh603668,天马科技,2017-02-23,24.78,25.77,24.64,25.66,24.69,13014071.0,328703233.0,1359980000.0,5439920000.0
sh603668,天马科技,2017-02-24,25.7,27.18,25.7,26.64,25.66,16383140.0,435453396.0,1411920000.0,5647680000.0
sh603668,天马科技,2017-02-27,26.2,26.35,25.5,25.84,26.64,10020399.0,259956413.0,1369520000.0,5478080000.0
sh603668,天马科技,2017-02-28,25.68,26.53,25.23,26.44,25.84,9333461.0,241968051.0,1401320000.0,5605280000.0
sh603668,天马科技,2017-03-01,26.3,27.44,26.3,26.6,26.44,13371770.0,359070039.0,1409800000.0,5639200000.0
sh603668,天马科技,2017-03-02,26.12,28.58,26.1,28.01,26.6,20092368.0,553170176.0,1484530000.0,5938120000.0
sh603668,天马科技,2017-03-03,27.7,28.39,26.9,28.05,28.01,14453928.0,400130194.0,1486650000.0,5946600000.0
sh603668,天马科技,2017-03-06,27.71,28.88,27.68,28.85,28.05,14527244.0,412169386.0,1529050000.0,6116200000.0
sh603668,天马科技,2017-03-07,28.8,29.2,28.09,29.19,28.85,14775573.0,425541256.0,1547070000.0,6188280000.0
sh603668,天马科技,2017-03-08,28.99,31.29,28.71,30.99,29.19,20995810.0,631296407.0,1642470000.0,6569880000.0
sh603668,天马科技,2017-03-09,30.2,30.66,28.13,28.22,30.99,16128372.0,469915774.0,1495660000.0,5982640000.0
sh603668,天马科技,2017-03-10,27.79,28.6,27.5,27.93,28.22,9998589.0,280795431.0,1480290000.0,5921160000.0
sh603668,天马科技,2017-03-13,27.66,28.44,26.32,28.36,27.93,10236079.0,282705875.0,1503080000.0,6012320000.0
sh603668,天马科技,2017-03-14,28.3,29.8,28.0,29.19,28.36,13580007.0,394202619.0,1547070000.0,6188280000.0
sh603668,天马科技,2017-03-15,28.9,28.99,28.0,28.45,29.19,8744065.0,249845128.0,1507850000.0,6031400000.0
sh603668,天马科技,2017-03-16,28.48,30.2,28.45,29.78,28.45,14089146.0,416443214.0,1578340000.0,6313360000.0
sh603668,天马科技,2017-03-17,29.87,31.46,29.42,30.06,29.78,22032887.0,667263556.0,1593180000.0,6372720000.0
sh603668,天马科技,2017-03-20,29.61,32.85,29.61,31.83,30.06,23477739.0,737771571.0,1686990000.0,6747960000.0
sh603668,天马科技,2017-03-21,31.22,34.93,30.86,34.2,31.83,24955488.0,819956656.0,1812600000.0,7250400000.0
sh603668,天马科技,2017-03-22,33.2,34.06,32.61,33.63,34.2,19001123.0,634292441.0,1782390000.0,7129560000.0
sh603668,天马科技,2017-03-23,33.45,33.82,30.69,31.62,33.63,16681724.0,537683822.0,1675860000.0,6703440000.0
sh603668,天马科技,2017-03-24,31.55,33.39,31.27,32.49,31.62,13066249.0,425984282.0,1721970000.0,6887880000.0
sh603668,天马科技,2017-03-27,32.21,34.3,32.02,34.22,32.49,18108265.0,606208067.0,1813660000.0,7254640000.0
sh603668,天马科技,2017-03-28,34.04,34.04,32.0,32.06,34.22,13490572.0,442113570.0,1699180000.0,6796720000.0
sh603668,天马科技,2017-03-29,31.6,31.99,29.29,29.34,32.06,12169814.0,368815319.0,1555020000.0,6220080000.0
sh603668,天马科技,2017-03-30,28.98,30.29,27.81,29.46,29.34,11205951.0,325025603.0,1561380000.0,6245520000.0
sh603668,天马科技,2017-03-31,29.11,29.99,27.1,27.75,29.46,8981818.0,256460780.0,1470750000.0,5883000000.0
sh603668,天马科技,2017-04-05,27.76,28.38,27.05,27.99,27.75,5412632.0,150811857.0,1483470000.0,5933880000.0
sh603668,天马科技,2017-04-06,27.76,29.2,27.69,28.65,27.99,6395550.0,183553842.0,1518450000.0,6073800000.0
sh603668,天马科技,2017-04-07,28.65,29.2,28.01,28.04,28.65,6042834.0,173214033.0,1486120000.0,5944480000.0
sh603668,天马科技,2017-04-10,28.08,28.28,25.24,25.24,28.04,9630476.0,250989927.0,1337720000.0,5350880000.0
sh603668,天马科技,2017-04-11,24.8,26.2,24.71,26.05,25.24,6505451.0,165948565.0,1380650000.0,5522600000.0
sh603668,天马科技,2017-04-12,25.95,25.95,25.0,25.1,26.05,4139360.0,105143405.0,1330300000.0,5321200000.0
sh603668,天马科技,2017-04-13,25.11,25.6,25.04,25.14,25.1,3012753.0,76188230.0,1332420000.0,5329680000.0
sh603668,天马科技,2017-04-14,24.93,25.12,24.11,24.22,25.14,3906396.0,95604726.0,1283660000.0,5134640000.0
sh603668,天马科技,2017-04-17,23.02,23.14,21.8,21.8,24.22,5205513.0,115213032.0,1155400000.0,4621600000.0
sh603668,天马科技,2017-04-18,21.79,22.26,20.89,21.15,21.8,3679513.0,79523253.0,1120950000.0,4483800000.0
sh603668,天马科技,2017-04-19,21.02,22.47,20.7,22.38,21.15,5419577.0,117377799.0,1186140000.0,4744560000.0
sh603668,天马科技,2017-04-20,22.3,22.5,21.46,22.06,22.38,4177866.0,91830163.0,1169180000.0,4676720000.0
sh603668,天马科技,2017-04-21,21.98,22.37,21.82,22.03,22.06,2503791.0,55336512.0,1167590000.0,4670360000.0
sh603668,天马科技,2017-04-24,22.01,22.3,21.43,22.11,22.03,2890551.0,63359282.0,1171830000.0,4687320000.0
sh603668,天马科技,2017-04-25,22.38,22.75,22.0,22.13,22.11,3332177.0,74507943.0,1172890000.0,4691560000.0
sh603668,天马科技,2017-04-26,22.12,23.15,21.7,22.91,22.13,4973155.0,112984038.0,1214230000.0,4856920000.0
sh603668,天马科技,2017-04-27,22.63,24.17,22.0,24.03,22.91,8084276.0,188381394.0,1273590000.0,5094360000.0
sh603668,天马科技,2017-04-28,23.89,25.97,23.57,25.41,24.03,9615913.0,240925616.0,1346730000.0,5386920000.0
sh603668,天马科技,2017-05-02,25.33,25.49,24.86,25.44,25.41,5317076.0,134056006.0,1348320000.0,5393280000.0
sh603668,天马科技,2017-05-03,25.42,25.75,24.95,25.39,25.44,4408408.0,111447668.0,1345670000.0,5382680000.0
sh603668,天马科技,2017-05-04,25.5,25.83,24.92,25.5,25.39,4401046.0,112049071.0,1351500000.0,5406000000.0
sh603668,天马科技,2017-05-05,25.51,25.75,24.7,24.74,25.5,3250521.0,82248265.0,1311220000.0,5244880000.0
sh603668,天马科技,2017-05-08,24.76,24.79,22.27,22.28,24.74,4591477.0,106534783.0,1180840000.0,4723360000.0
sh603668,天马科技,2017-05-09,22.1,22.75,21.33,22.4,22.28,4084672.0,89715584.0,1187200000.0,4748800000.0
sh603668,天马科技,2017-05-10,22.86,22.87,21.75,21.78,22.4,3152998.0,70469460.0,1154340000.0,4617360000.0
sh603668,天马科技,2017-05-11,21.35,22.11,20.6,22.0,21.78,3383312.0,72553450.0,1166000000.0,4664000000.0
sh603668,天马科技,2017-05-12,21.93,23.48,21.8,22.73,22.0,4792791.0,109085872.0,1204690000.0,4818760000.0
sh603668,天马科技,2017-05-15,22.53,23.13,22.53,22.59,22.73,3019263.0,68655944.0,1197270000.0,4789080000.0
sh603668,天马科技,2017-05-16,22.59,23.87,22.38,23.83,22.59,4162244.0,96395123.0,1262990000.0,5051960000.0
sh603668,天马科技,2017-05-17,23.7,24.56,23.38,23.42,23.83,4925090.0,117639714.0,1241260000.0,4965040000.0
sh603668,DR天马科,2017-05-18,16.78,17.34,16.54,16.64,16.67,4366759.0,74258628.0,1234688000.0,4938752000.0
sh603668,天马科技,2017-05-19,16.26,16.47,15.58,15.72,16.64,6467100.0,102880441.0,1166424000.0,4665696000.0
sh603668,天马科技,2017-05-22,15.72,15.97,14.68,14.85,15.72,5178732.0,78637913.0,1101870000.0,4407480000.0
sh603668,天马科技,2017-05-23,14.7,14.97,13.71,13.84,14.85,5291336.0,75272910.0,1026928000.0,4107712000.0
sh603668,天马科技,2017-05-24,13.74,14.29,13.11,14.23,13.84,4191275.0,58425634.0,1055866000.0,4223464000.0
sh603668,天马科技,2017-05-25,14.03,14.32,13.6,14.16,14.23,4495884.0,62858561.0,1050672000.0,4202688000.0
sh603668,天马科技,2017-05-26,14.17,14.32,13.85,14.11,14.16,3943201.0,55652730.0,1046962000.0,4187848000.0
sh603668,天马科技,2017-05-31,14.7,14.85,14.02,14.13,14.11,4063068.0,58650516.0,1048446000.0,4193784000.0
sh603668,天马科技,2017-06-01,13.83,14.0,12.92,13.0,14.13,4182060.0,56155719.0,964600000.0,3858400000.0
sh603668,天马科技,2017-06-02,12.88,13.47,12.66,13.23,13.0,3719314.0,48553193.0,981666000.0,3926664000.0
sh603668,天马科技,2017-06-05,13.43,13.66,13.23,13.32,13.23,2831471.0,37995432.0,988344000.0,3953376000.0
sh603668,天马科技,2017-06-06,13.22,13.56,13.13,13.48,13.32,2418264.0,32295535.0,1000216000.0,4000864000.0
sh603668,天马科技,2017-06-07,13.5,14.55,13.48,14.48,13.48,7843459.0,110832288.0,1074416000.0,4297664000.0
sh603668,天马科技,2017-06-08,14.6,14.99,14.4,14.56,14.48,8514028.0,125057079.0,1080352000.0,4321408000.0
sh603668,天马科技,2017-06-09,14.4,14.53,14.16,14.4,14.56,4000799.0,57351585.0,1068480000.0,4273920000.0
sh603668,天马科技,2017-06-12,14.2,14.2,13.84,13.94,14.4,3270657.0,45835078.0,1034348000.0,4137392000.0
sh603668,天马科技,2017-06-13,14.1,14.57,14.0,14.5,13.94,5188493.0,74765493.0,1075900000.0,4303600000.0
sh603668,天马科技,2017-06-14,14.38,14.55,14.16,14.29,14.5,2907348.0,41628053.0,1060318000.0,4241272000.0
sh603668,天马科技,2017-06-15,14.28,14.91,14.28,14.68,14.29,6166027.0,90606503.0,1089256000.0,4357024000.0
sh603668,天马科技,2017-06-16,14.65,14.85,14.36,14.5,14.68,3785899.0,54905675.0,1075900000.0,4303600000.0
sh603668,天马科技,2017-06-19,14.53,14.59,14.31,14.49,14.5,2170098.0,31333774.0,1075158000.0,4300632000.0
sh603668,天马科技,2017-06-20,14.58,14.59,14.11,14.24,14.49,3148203.0,45219147.0,1056608000.0,4226432000.0
sh603668,天马科技,2017-06-21,14.29,14.39,13.96,14.12,14.24,2273926.0,32180195.0,1047704000.0,4190816000.0
sh603668,天马科技,2017-06-22,14.12,14.29,13.65,13.7,14.12,2787777.0,39030511.0,1016540000.0,4066160000.0
sh603668,天马科技,2017-06-23,13.6,13.84,13.18,13.53,13.7,3166189.0,42673212.0,1003926000.0,4015704000.0
sh603668,天马科技,2017-06-26,13.58,13.69,13.4,13.66,13.53,1993687.0,27052314.0,1013572000.0,4054288000.0
sh603668,天马科技,2017-06-27,13.64,13.93,13.6,13.72,13.66,2035333.0,27962921.0,1018024000.0,4072096000.0
sh603668,天马科技,2017-06-28,13.7,13.7,13.34,13.38,13.72,1751245.0,23531334.0,992796000.0,3971184000.0
sh603668,天马科技,2017-06-29,13.27,13.49,13.27,13.4,13.38,1948759.0,26077838.0,994280000.0,3977120000.0
sh603668,天马科技,2017-06-30,14.74,14.74,14.74,14.74,13.4,2509329.0,36987509.0,1093708000.0,4374832000.0
sh603668,天马科技,2017-07-03,16.2,16.21,15.6,16.21,14.74,15737836.0,254364191.0,1202782000.0,4811128000.0
sh603668,天马科技,2017-07-04,17.0,17.25,16.33,16.82,16.21,27203845.0,454713912.0,1248044000.0,4992176000.0
sh603668,天马科技,2017-07-05,16.85,17.98,16.42,17.32,16.82,25345499.0,437869238.0,1285144000.0,5140576000.0
sh603668,天马科技,2017-07-06,16.88,18.98,16.7,18.39,17.32,29245009.0,526994019.0,1364538000.0,5458152000.0
sh603668,天马科技,2017-07-07,17.55,18.0,17.4,17.69,18.39,19882023.0,350786527.0,1312598000.0,5250392000.0
sh603668,天马科技,2017-07-10,17.3,17.83,17.05,17.1,17.69,13236443.0,229629285.0,1268820000.0,5075280000.0
sh603668,天马科技,2017-07-11,17.02,17.66,16.68,17.06,17.1,11544956.0,198842441.0,1265852000.0,5063408000.0
sh603668,天马科技,2017-07-12,17.05,17.48,16.14,17.39,17.06,12471333.0,208380943.0,1290338000.0,5161352000.0
sh603668,天马科技,2017-07-13,16.8,16.98,16.22,16.46,17.39,11943850.0,198593600.0,1221332000.0,4885328000.0
sh603668,天马科技,2017-07-14,16.63,16.77,15.7,15.9,16.46,8518084.0,138157842.0,1179780000.0,4719120000.0
sh603668,天马科技,2017-07-17,16.06,16.08,14.31,14.31,15.9,9977034.0,146750595.0,1061802000.0,4247208000.0
sh603668,天马科技,2017-07-18,14.2,14.7,13.9,14.52,14.31,7128487.0,102197915.0,1077384000.0,4309536000.0
sh603668,天马科技,2017-07-19,14.64,14.68,14.11,14.52,14.52,6843044.0,98475373.0,1077384000.0,4309536000.0
sh603668,天马科技,2017-07-20,14.35,15.55,14.35,15.24,14.52,10791960.0,161436438.0,1130808000.0,4523232000.0
sh603668,天马科技,2017-07-21,14.98,15.29,14.71,14.73,15.24,6911355.0,103546016.0,1092966000.0,4371864000.0
sh603668,天马科技,2017-07-24,14.57,15.14,14.21,14.91,14.73,6205300.0,90688673.0,1106322000.0,4425288000.0
sh603668,天马科技,2017-07-25,14.66,15.12,14.66,14.85,14.91,4808520.0,71677615.0,1101870000.0,4407480000.0
sh603668,天马科技,2017-07-26,14.76,14.88,14.45,14.53,14.85,3948635.0,57609031.0,1078126000.0,4312504000.0
sh603668,天马科技,2017-07-27,14.53,15.0,14.33,14.97,14.53,7458747.0,110280790.0,1110774000.0,4443096000.0
sh603668,天马科技,2017-07-28,15.0,15.04,14.59,14.62,14.97,5169077.0,76127507.0,1084804000.0,4339216000.0
sh603668,天马科技,2017-07-31,14.48,14.63,14.31,14.4,14.62,3754465.0,54255905.0,1068480000.0,4273920000.0
sh603668,天马科技,2017-08-01,14.48,14.61,14.3,14.49,14.4,3299528.0,47657846.0,1075158000.0,4300632000.0
sh603668,天马科技,2017-08-02,14.48,14.48,13.96,13.99,14.49,5067588.0,71608988.0,1038058000.0,4152232000.0
sh603668,天马科技,2017-08-03,13.91,14.28,13.9,14.1,13.99,2958053.0,41774265.0,1046220000.0,4184880000.0
sh603668,天马科技,2017-08-04,14.1,14.16,13.9,13.91,14.1,2821198.0,39418168.0,1032122000.0,4128488000.0
sh603668,天马科技,2017-08-07,13.68,14.13,13.66,13.95,13.91,1972872.0,27504414.0,1035090000.0,4140360000.0
sh603668,天马科技,2017-08-08,13.99,14.25,13.72,14.23,13.95,5004337.0,70316728.0,1055866000.0,4223464000.0
sh603668,天马科技,2017-08-09,14.2,14.2,14.0,14.04,14.23,2909571.0,40897226.0,1041768000.0,4167072000.0
sh603668,天马科技,2017-08-10,13.97,14.06,13.66,13.76,14.04,2885220.0,39904215.0,1020992000.0,4083968000.0
sh603668,天马科技,2017-08-11,13.72,13.81,13.6,13.63,13.76,2113707.0,28930703.0,1011346000.0,4045384000.0
sh603668,天马科技,2017-08-14,13.6,13.85,13.58,13.84,13.63,2049991.0,28211417.0,1026928000.0,4107712000.0
sh603668,天马科技,2017-08-15,13.9,14.19,13.79,13.96,13.84,2870985.0,40076432.0,1035832000.0,4143328000.0
sh603668,天马科技,2017-08-16,13.97,14.2,13.82,14.18,13.96,4134928.0,58261627.0,1052156000.0,4208624000.0
sh603668,天马科技,2017-08-17,14.15,14.2,14.01,14.15,14.18,3385530.0,47687479.0,1049930000.0,4199720000.0
sh603668,天马科技,2017-08-18,14.09,14.09,13.83,13.89,14.15,2607257.0,36311784.0,1030638000.0,4122552000.0
sh603668,天马科技,2017-08-21,13.8,14.1,13.8,14.08,13.89,2615291.0,36646451.0,1044736000.0,4178944000.0
sh603668,天马科技,2017-08-22,14.14,15.49,14.14,15.49,14.08,14136530.0,210286572.0,1149358000.0,4597432000.0
sh603668,天马科技,2017-08-23,15.65,15.68,14.85,14.89,15.49,12461392.0,188313554.0,1104838000.0,4419352000.0
sh603668,天马科技,2017-08-24,14.98,14.99,14.5,14.55,14.89,6597921.0,96952163.0,1079610000.0,4318440000.0
sh603668,天马科技,2017-08-25,14.59,15.15,14.41,15.0,14.55,7977736.0,118370928.0,1113000000.0,4452000000.0
sh603668,天马科技,2017-08-28,15.02,15.29,15.01,15.17,15.0,9609587.0,145540005.0,1125614000.0,4502456000.0
sh603668,天马科技,2017-08-29,15.1,15.36,14.87,15.21,15.17,8869344.0,133907392.0,1128582000.0,4514328000.0
sh603668,天马科技,2017-08-30,15.0,15.28,14.95,14.99,15.21,4743474.0,71503608.0,1112258000.0,4449032000.0
sh603668,天马科技,2017-08-31,15.0,15.3,14.89,15.25,14.99,6629055.0,100438468.0,1131550000.0,4526200000.0
sh603668,天马科技,2017-09-01,15.25,15.37,15.01,15.11,15.25,5377358.0,81413188.0,1121162000.0,4484648000.0
sh603668,天马科技,2017-09-04,15.06,15.1,14.81,14.87,15.11,4681935.0,69806490.0,1103354000.0,4413416000.0
sh603668,天马科技,2017-09-05,14.87,15.06,14.82,14.96,14.87,2908863.0,43540365.0,1110032000.0,4440128000.0
sh603668,天马科技,2017-09-06,14.96,14.96,14.61,14.81,14.96,3396404.0,50099093.0,1098902000.0,4395608000.0
sh603668,天马科技,2017-09-07,14.82,15.05,14.74,14.88,14.81,4068841.0,60718977.0,1104096000.0,4416384000.0
sh603668,天马科技,2017-09-08,14.96,15.02,14.8,14.96,14.88,3443094.0,51252757.0,1110032000.0,4440128000.0
sh603668,天马科技,2017-09-11,15.06,16.27,15.06,15.75,14.96,15819380.0,248098911.0,1168650000.0,4674600000.0
sh603668,天马科技,2017-09-12,15.58,15.66,15.25,15.32,15.75,8854313.0,136384970.0,1136744000.0,4546976000.0
sh603668,天马科技,2017-09-13,15.27,15.69,15.26,15.56,15.32,6138106.0,95237407.0,1154552000.0,4618208000.0
sh603668,天马科技,2017-09-14,15.5,15.7,15.26,15.27,15.56,5259585.0,81217424.0,1133034000.0,4532136000.0
sh603668,天马科技,2017-09-15,15.25,15.28,14.87,14.89,15.27,4275711.0,64177525.0,1104838000.0,4419352000.0
sh603668,天马科技,2017-09-18,14.93,15.12,14.8,15.1,14.89,2363785.0,35455460.0,1120420000.0,4481680000.0
sh603668,天马科技,2017-09-19,15.1,15.19,15.0,15.07,15.1,2324195.0,35039082.0,1118194000.0,4472776000.0
sh603668,天马科技,2017-09-20,14.98,15.16,14.85,15.13,15.07,3164010.0,47469604.0,1122646000.0,4490584000.0
sh603668,天马科技,2017-09-21,15.17,15.48,15.03,15.31,15.13,5903487.0,90126544.0,1136002000.0,4544008000.0
sh603668,天马科技,2017-09-22,15.28,15.67,15.1,15.65,15.31,9600617.0,149199139.0,1161230000.0,4644920000.0
sh603668,天马科技,2017-09-25,15.7,15.98,15.32,15.37,15.65,5873634.0,91598058.0,1140454000.0,4561816000.0
sh603668,天马科技,2017-09-26,15.28,15.29,14.61,14.83,15.37,5145848.0,76751215.0,1100386000.0,4401544000.0
sh603668,天马科技,2017-09-27,14.88,15.0,14.72,14.84,14.83,2242054.0,33243479.0,1101128000.0,4404512000.0
sh603668,天马科技,2017-09-28,14.7,14.84,14.41,14.43,14.84,3818047.0,55620241.0,1070706000.0,4282824000.0
sh603668,天马科技,2017-09-29,14.32,14.58,14.32,14.54,14.43,1978389.0,28621208.0,1078868000.0,4315472000.0
sh603668,天马科技,2017-10-09,14.75,14.81,14.54,14.6,14.54,1850377.0,27058947.0,1083320000.0,4333280000.0
sh603668,天马科技,2017-10-10,14.6,14.89,14.46,14.87,14.6,3222840.0,47458923.0,1103354000.0,4413416000.0
sh603668,天马科技,2017-10-11,14.9,14.97,14.69,14.78,14.87,2571059.0,38100752.0,1096676000.0,4386704000.0
sh603668,天马科技,2017-10-12,14.7,14.77,14.46,14.64,14.78,2477900.0,36196174.0,1086288000.0,4345152000.0
sh603668,天马科技,2017-10-13,14.65,14.97,14.59,14.97,14.64,3782792.0,56160372.0,1110774000.0,4443096000.0
sh603668,天马科技,2017-10-16,15.1,16.47,15.08,15.59,14.97,18310838.0,292522257.0,1156778000.0,4627112000.0
sh603668,天马科技,2017-10-17,15.05,16.1,14.39,15.89,15.59,14472906.0,221104237.0,1179038000.0,4716152000.0
sh603668,天马科技,2017-10-18,15.61,17.0,15.42,16.71,15.89,20764145.0,336720700.0,1239882000.0,4959528000.0
sh603668,天马科技,2017-10-19,16.36,16.69,15.94,16.11,16.71,13177344.0,214273629.0,1195362000.0,4781448000.0
sh603668,天马科技,2017-10-20,16.0,16.06,15.58,15.94,16.11,8278836.0,130814092.0,1182748000.0,4730992000.0
sh603668,天马科技,2017-10-23,15.95,16.4,15.65,16.35,15.94,8627112.0,138920938.0,1213170000.0,4852680000.0
sh603668,天马科技,2017-10-24,16.25,16.25,15.61,15.89,16.35,6389114.0,101509226.0,1179038000.0,4716152000.0
sh603668,天马科技,2017-10-25,16.09,16.09,15.6,15.78,15.89,4609097.0,72707193.0,1170876000.0,4683504000.0
sh603668,天马科技,2017-10-26,15.77,15.98,15.6,15.83,15.78,4818278.0,76246843.0,1174586000.0,4698344000.0
sh603668,天马科技,2017-10-27,15.79,15.93,15.42,15.48,15.83,4681395.0,73111674.0,1148616000.0,4594464000.0
sh603668,天马科技,2017-10-30,15.5,15.54,14.11,14.28,15.48,7392141.0,108016286.0,1059576000.0,4238304000.0
sh603668,天马科技,2017-10-31,14.2,14.43,14.18,14.42,14.28,3199177.0,45793653.0,1069964000.0,4279856000.0
sh603668,天马科技,2017-11-01,14.43,14.5,14.16,14.22,14.42,3655441.0,52223526.0,1055124000.0,4220496000.0
sh603668,天马科技,2017-11-02,14.22,14.26,13.8,13.91,14.22,3661496.0,51078970.0,1032122000.0,4128488000.0
sh603668,天马科技,2017-11-03,13.91,14.05,13.48,13.59,13.91,3283476.0,45121295.0,1008378000.0,4033512000.0
sh603668,天马科技,2017-11-06,13.75,13.97,13.55,13.94,13.59,2307097.0,31804710.0,1034348000.0,4137392000.0
sh603668,天马科技,2017-11-07,13.94,14.07,13.7,14.03,13.94,2435774.0,33843781.0,1041026000.0,4164104000.0
sh603668,天马科技,2017-11-08,14.1,14.19,13.93,14.01,14.03,2400038.0,33714632.0,1039542000.0,4158168000.0
sh603668,天马科技,2017-11-09,14.0,14.07,13.82,13.89,14.01,2237775.0,31071079.0,1030638000.0,4122552000.0
sh603668,天马科技,2017-11-10,13.89,14.04,13.82,13.95,13.89,2253901.0,31398487.0,1035090000.0,4140360000.0
sh603668,天马科技,2017-11-13,13.96,14.1,13.9,14.08,13.95,2117218.0,29680836.0,1044736000.0,4178944000.0
sh603668,天马科技,2017-11-14,14.06,14.08,13.71,13.72,14.08,2949232.0,40864255.0,1018024000.0,4072096000.0
sh603668,天马科技,2017-11-15,13.72,13.83,13.32,13.41,13.72,2500320.0,33737139.0,995022000.0,3980088000.0
sh603668,天马科技,2017-11-16,13.38,13.48,13.23,13.26,13.41,1612120.0,21500960.0,983892000.0,3935568000.0
sh603668,天马科技,2017-11-17,13.25,13.34,12.0,12.31,13.26,3470974.0,44138466.0,913402000.0,3653608000.0
sh603668,天马科技,2017-11-20,12.31,12.38,11.51,12.25,12.31,2368885.0,28280533.0,908950000.0,3635800000.0
sh603668,天马科技,2017-11-21,12.27,12.42,12.01,12.28,12.25,2019201.0,24751427.0,911176000.0,3644704000.0
sh603668,天马科技,2017-11-22,12.38,12.39,12.13,12.14,12.28,1701480.0,20780735.0,900788000.0,3603152000.0
sh603668,天马科技,2017-11-23,12.1,12.28,11.57,11.58,12.14,2272657.0,26923925.0,859236000.0,3436944000.0
sh603668,天马科技,2017-11-24,11.58,11.88,11.53,11.68,11.58,1349711.0,15761961.0,866656000.0,3466624000.0
sh603668,天马科技,2017-11-27,11.68,11.9,11.64,11.75,11.68,1436697.0,16931980.0,871850000.0,3487400000.0
sh603668,天马科技,2017-11-28,11.79,11.91,11.7,11.89,11.75,1208186.0,14304569.0,882238000.0,3528952000.0
sh603668,天马科技,2017-11-29,11.93,11.93,11.5,11.8,11.89,1579477.0,18537267.0,875560000.0,3502240000.0
sh603668,天马科技,2017-11-30,11.88,11.92,11.75,11.8,11.8,1060017.0,12543994.0,875560000.0,3502240000.0
sh603668,天马科技,2017-12-01,11.84,11.96,11.75,11.91,11.8,1339794.0,15927631.0,883722000.0,3534888000.0
sh603668,天马科技,2017-12-04,11.85,12.77,11.75,12.28,11.91,4219737.0,52145232.0,911176000.0,3644704000.0
sh603668,天马科技,2017-12-05,12.21,12.23,11.82,11.92,12.28,2448208.0,29447636.0,884464000.0,3537856000.0
sh603668,天马科技,2017-12-06,12.0,12.09,11.78,12.07,11.92,1202837.0,14359906.0,895594000.0,3582376000.0
sh603668,天马科技,2017-12-07,12.08,12.08,11.85,11.88,12.07,1141697.0,13635156.0,881496000.0,3525984000.0
sh603668,天马科技,2017-12-08,11.88,12.07,11.83,12.06,11.88,1337171.0,16039480.0,894852000.0,3579408000.0
sh603668,天马科技,2017-12-11,12.05,12.19,12.0,12.15,12.06,1374338.0,16655655.0,901530000.0,3606120000.0
sh603668,天马科技,2017-12-12,12.19,12.66,12.16,12.22,12.15,3429355.0,42658336.0,906724000.0,3626896000.0
sh603668,天马科技,2017-12-13,12.0,12.19,11.85,12.17,12.22,1839600.0,22140408.0,903014000.0,3612056000.0
sh603668,天马科技,2017-12-14,12.19,12.26,11.97,12.09,12.17,1328580.0,16039563.0,897078000.0,3588312000.0
sh603668,天马科技,2017-12-15,12.1,12.3,12.09,12.21,12.09,1585074.0,19290687.0,905982000.0,3623928000.0
sh603668,天马科技,2017-12-18,12.2,12.22,12.01,12.07,12.21,1077520.0,13002976.0,895594000.0,3582376000.0
sh603668,天马科技,2017-12-19,12.08,12.12,11.91,11.97,12.07,1475260.0,17685103.0,888174000.0,3552696000.0
sh603668,天马科技,2017-12-20,11.93,12.02,11.61,11.72,11.97,1606223.0,18886900.0,869624000.0,3478496000.0
sh603668,天马科技,2017-12-21,11.67,11.75,11.52,11.7,11.72,929000.0,10822333.0,868140000.0,3472560000.0
sh603668,天马科技,2017-12-22,11.7,11.75,11.59,11.61,11.7,755441.0,8811286.0,861462000.0,3445848000.0
sh603668,天马科技,2017-12-25,11.62,11.68,11.12,11.36,11.61,1626800.0,18434572.0,842912000.0,3371648000.0
sh603668,天马科技,2017-12-26,11.36,11.8,11.33,11.72,11.36,2128277.0,24774301.0,869624000.0,3478496000.0
sh603668,天马科技,2017-12-27,11.73,12.5,11.73,12.06,11.72,4874991.0,59385556.0,894852000.0,3579408000.0
sh603668,天马科技,2017-12-28,11.89,12.02,11.6,11.9,12.06,3060370.0,36203953.0,882980000.0,3531920000.0
sh603668,天马科技,2017-12-29,11.8,11.89,11.68,11.72,11.9,1677760.0,19716669.0,869624000.0,3478496000.0
sh603668,天马科技,2018-01-02,11.73,11.85,11.61,11.79,11.72,1678197.0,19650052.0,874818000.0,3499272000.0
sh603668,天马科技,2018-01-03,11.76,11.88,11.65,11.86,11.79,2216802.0,26123700.0,880012000.0,3520048000.0
sh603668,天马科技,2018-01-04,11.86,11.86,11.71,11.75,11.86,1477934.0,17398585.0,871850000.0,3487400000.0
sh603668,天马科技,2018-01-05,11.74,11.86,11.7,11.78,11.75,1451691.0,17111338.0,874076000.0,3496304000.0
sh603668,天马科技,2018-01-08,11.75,11.8,11.48,11.6,11.78,1865434.0,21599259.0,860720000.0,3442880000.0
sh603668,天马科技,2018-01-09,11.64,11.73,11.62,11.7,11.6,1566625.0,18292026.0,868140000.0,3472560000.0
sh603668,天马科技,2018-01-10,11.7,11.7,11.42,11.48,11.7,1652303.0,19001738.0,851816000.0,3407264000.0
sh603668,天马科技,2018-01-11,11.56,11.61,11.45,11.57,11.48,1415757.0,16346785.0,858494000.0,3433976000.0
sh603668,天马科技,2018-01-12,11.55,11.55,11.22,11.26,11.57,2484560.0,28091037.0,835492000.0,3341968000.0
sh603668,天马科技,2018-01-15,11.27,11.3,10.5,10.55,11.26,3052594.0,32934872.0,782810000.0,3131240000.0
sh603668,天马科技,2018-01-16,10.36,10.78,10.35,10.7,10.55,1666442.0,17742870.0,793940000.0,3175760000.0
sh603668,天马科技,2018-01-17,10.7,10.97,10.67,10.87,10.7,1918406.0,20825731.0,2021526781.75,3226216000.0
sh603668,天马科技,2018-01-18,10.81,10.96,10.72,10.88,10.87,1231200.0,13358298.0,2023386512.0,3229184000.0
sh603668,天马科技,2018-01-19,10.92,11.09,10.78,10.89,10.88,1673740.0,18334869.0,2025246242.25,3232152000.0
sh603668,天马科技,2018-01-22,10.82,11.03,10.7,10.92,10.89,1402759.0,15231052.0,2030825433.0,3241056000.0
sh603668,天马科技,2018-01-23,10.89,11.49,10.89,11.27,10.92,2963519.0,33433051.0,2095915991.75,3344936000.0
sh603668,天马科技,2018-01-24,11.19,11.27,11.1,11.21,11.27,1496982.0,16752797.0,2084757610.25,3327128000.0
sh603668,天马科技,2018-01-25,11.22,11.36,11.12,11.14,11.21,1340260.0,15048763.0,2071739498.5,3306352000.0
sh603668,天马科技,2018-01-26,11.21,11.21,11.0,11.01,11.14,1187857.0,13128902.0,2047563005.25,3267768000.0
sh603668,天马科技,2018-01-29,11.0,11.08,10.74,10.81,11.01,1233817.0,13388919.0,2010368400.25,3208408000.0
sh603668,天马科技,2018-01-30,10.85,10.85,10.73,10.78,10.81,737717.0,7950685.0,2004789209.5,3199504000.0
sh603668,天马科技,2018-01-31,10.78,10.79,10.45,10.7,10.78,1261257.0,13334693.0,1989911367.5,3175760000.0
sh603668,天马科技,2018-02-01,10.52,10.71,10.12,10.17,10.7,1504060.0,15597466.0,1891345664.25,3018456000.0
sh603668,天马科技,2018-02-02,10.22,10.25,10.01,10.18,10.17,1120289.0,11311315.0,1893205394.5,3021424000.0
sh603668,天马科技,2018-02-05,10.02,10.98,9.91,10.46,10.18,1799144.0,18988753.0,1945277841.5,3104528000.0
sh603668,天马科技,2018-02-06,10.09,10.4,9.8,9.85,10.46,1562193.0,15642342.0,1831834296.25,2923480000.0
sh603668,天马科技,2018-02-07,10.16,10.2,9.62,9.91,9.85,897537.0,8918351.0,1842992677.75,2941288000.0
sh603668,天马科技,2018-02-08,9.9,10.04,9.73,10.01,9.91,691207.0,6889750.0,1861589980.25,2970968000.0
sh603668,天马科技,2018-02-09,9.88,9.96,9.58,9.69,10.01,1105777.0,10770408.0,1802078612.25,2875992000.0
sh603668,天马科技,2018-02-12,9.65,9.92,9.56,9.84,9.69,1283097.0,12565006.0,1829974566.0,2920512000.0
sh603668,天马科技,2018-02-13,9.82,9.89,9.76,9.83,9.84,956881.0,9400820.0,1828114835.75,2917544000.0
sh603668,天马科技,2018-02-14,9.85,9.93,9.75,9.92,9.83,808600.0,7978039.0,1844852408.0,2944256000.0
sh603668,天马科技,2018-02-22,9.96,10.08,9.96,10.03,9.92,653750.0,6551419.0,1865309440.75,2976904000.0
sh603668,天马科技,2018-02-23,10.03,10.39,9.97,10.17,10.03,1373134.0,13956874.0,1891345664.25,3018456000.0
sh603668,天马科技,2018-02-26,10.18,10.45,10.11,10.29,10.17,1699582.0,17403488.0,1913662427.25,3054072000.0
sh603668,天马科技,2018-02-27,10.25,10.29,10.11,10.14,10.29,1439200.0,14659692.0,1885766473.5,3009552000.0
sh603668,天马科技,2018-02-28,10.06,10.12,9.98,10.05,10.14,1020520.0,10241063.0,1869028901.25,2982840000.0
sh603668,天马科技,2018-03-01,10.0,10.35,9.96,10.27,10.05,2229924.0,22768505.0,1909942966.75,3048136000.0
sh603668,天马科技,2018-03-02,10.12,10.37,10.12,10.31,10.27,1675393.0,17215369.0,1917381887.75,3060008000.0
sh603668,天马科技,2018-03-05,10.72,11.34,10.71,11.34,10.31,4762516.0,53522451.0,2108934103.5,3365712000.0
sh603668,天马科技,2018-03-06,11.44,12.47,11.35,11.76,11.34,14713233.0,174370032.0,2187042774.0,3490368000.0
sh603668,天马科技,2018-03-07,11.36,11.65,11.19,11.47,11.76,9069867.0,103097092.0,2133110596.75,3404296000.0
sh603668,天马科技,2018-03-08,11.3,11.55,11.26,11.36,11.47,5116129.0,58168484.0,2112653564.0,3371648000.0
sh603668,天马科技,2018-03-09,11.27,11.45,11.22,11.39,11.36,4118527.0,46704290.0,2118232754.75,3380552000.0
sh603668,天马科技,2018-03-12,11.39,11.95,11.31,11.71,11.39,6290535.0,73230966.0,2177744122.75,3475528000.0
sh603668,天马科技,2018-03-13,11.67,11.67,11.4,11.5,11.71,3290755.0,37853880.0,2138689787.5,3413200000.0
sh603668,天马科技,2018-03-14,11.45,11.61,11.4,11.53,11.5,2461420.0,28388166.0,2144268978.25,3422104000.0
sh603668,天马科技,2018-03-15,11.46,11.52,11.03,11.13,11.53,2895182.0,32461085.0,2069879768.25,3303384000.0
sh603668,天马科技,2018-03-16,11.1,11.25,11.05,11.12,11.13,1902520.0,21173837.0,2068020038.0,3300416000.0
sh603668,天马科技,2018-03-19,11.18,11.66,11.06,11.47,11.12,3511825.0,40134540.0,2133110596.75,3404296000.0
sh603668,天马科技,2018-03-20,11.32,11.41,11.13,11.27,11.47,2044240.0,23003144.0,2095915991.75,3344936000.0
sh603668,天马科技,2018-03-21,11.19,11.41,11.08,11.1,11.27,2360280.0,26535938.0,2064300577.5,3294480000.0
sh603668,天马科技,2018-03-22,10.96,11.14,10.85,10.92,11.1,2433856.0,26710150.0,2030825433.0,3241056000.0
sh603668,天马科技,2018-03-23,10.63,11.58,10.25,10.59,10.92,5837536.0,63555155.0,1969454334.75,3143112000.0
sh603668,天马科技,2018-03-26,10.39,10.43,9.55,10.4,10.59,3634317.0,36867462.0,1934119460.0,3086720000.0
sh603668,天马科技,2018-03-27,10.45,10.65,10.4,10.58,10.4,2440920.0,25717193.0,1967594604.5,3140144000.0
sh603668,天马科技,2018-03-28,10.53,10.53,10.39,10.42,10.58,1526940.0,15961029.0,1937838920.5,3092656000.0
sh603668,天马科技,2018-03-29,10.45,10.65,10.43,10.62,10.42,1716597.0,18090155.0,1975033525.5,3152016000.0
sh603668,天马科技,2018-03-30,10.67,10.87,10.6,10.81,10.62,2177877.0,23374428.0,2010368400.25,3208408000.0
sh603668,天马科技,2018-04-02,10.93,11.08,10.78,10.92,10.81,2606720.0,28461232.0,2030825433.0,3241056000.0
sh603668,天马科技,2018-04-03,10.92,11.3,10.74,11.2,10.92,5341312.0,59506799.0,2082897880.0,3324160000.0
sh603668,天马科技,2018-04-04,11.1,11.88,10.94,11.4,11.2,7871420.0,89829327.0,2120092485.0,3383520000.0
sh603668,天马科技,2018-04-09,10.96,11.25,10.96,11.17,11.4,3601380.0,40096542.0,2077318689.25,3315256000.0
sh603668,天马科技,2018-04-10,11.07,11.18,10.85,10.99,11.17,3262020.0,35794204.0,2043843544.75,3261832000.0
sh603668,天马科技,2018-04-11,11.03,11.19,10.95,11.17,10.99,2677980.0,29718170.0,2077318689.25,3315256000.0
sh603668,天马科技,2018-04-12,11.12,11.17,10.82,10.84,11.17,2337600.0,25760684.0,2015947591.0,3217312000.0
sh603668,天马科技,2018-04-13,10.92,11.02,10.83,10.85,10.84,2324000.0,25348987.0,2017807321.25,3220280000.0
sh603668,天马科技,2018-04-16,10.9,10.96,10.5,10.6,10.85,2639180.0,28178095.0,1971314065.0,3146080000.0
sh603668,天马科技,2018-04-17,10.55,10.68,10.02,10.06,10.6,3108040.0,32130406.0,1870888631.5,2985808000.0
sh603668,天马科技,2018-04-18,10.07,10.32,9.9,10.27,10.06,1952820.0,19746328.0,1909942966.75,3048136000.0
sh603668,天马科技,2018-04-19,10.32,10.36,10.2,10.26,10.27,1699530.0,17491601.0,1908083236.5,3045168000.0
sh603668,天马科技,2018-04-20,10.29,10.29,9.92,10.0,10.26,1465160.0,14725387.0,1859730250.0,2968000000.0
sh603668,天马科技,2018-04-23,10.0,10.22,9.94,10.03,10.0,1319940.0,13320182.0,1865309440.75,2976904000.0
sh603668,天马科技,2018-04-24,10.1,10.34,10.01,10.29,10.03,1748500.0,17869111.0,1913662427.25,3054072000.0
sh603668,天马科技,2018-04-25,10.21,10.41,10.2,10.35,10.29,1651170.0,17044263.0,1924820808.75,3071880000.0
sh603668,天马科技,2018-04-26,10.34,10.6,10.18,10.18,10.35,2027657.0,21067632.0,1893205394.5,3021424000.0
sh603668,天马科技,2018-04-27,10.18,10.4,10.09,10.21,10.18,1010740.0,10332525.0,1898784585.25,3030328000.0
sh603668,天马科技,2018-05-02,10.21,10.34,9.96,10.02,10.21,1307540.0,13145454.0,1863449710.5,2973936000.0
sh603668,天马科技,2018-05-03,10.03,10.23,9.96,10.21,10.02,1151835.0,11658584.0,1898784585.25,3030328000.0
sh603668,天马科技,2018-05-04,10.21,10.24,10.05,10.11,10.21,1065240.0,10795106.0,1880187282.75,3000648000.0
sh603668,天马科技,2018-05-07,10.16,10.32,10.04,10.29,10.11,2393354.0,24355533.0,1913662427.25,3054072000.0
sh603668,天马科技,2018-05-08,10.29,10.93,10.18,10.79,10.29,5337303.0,55896806.0,2006648939.75,3202472000.0
sh603668,天马科技,2018-05-09,10.58,10.83,10.55,10.66,10.79,3418346.0,36464619.0,1982472446.5,3163888000.0
sh603668,天马科技,2018-05-10,10.61,10.96,10.61,10.89,10.66,3999618.0,43281854.0,2025246242.25,3232152000.0
sh603668,天马科技,2018-05-11,10.92,10.98,10.56,10.6,10.89,3094810.0,33165061.0,1971314065.0,3146080000.0
sh603668,天马科技,2018-05-14,10.6,10.96,10.51,10.74,10.6,3122080.0,33621480.0,1997350288.5,3187632000.0
sh603668,天马科技,2018-05-15,10.7,10.91,10.56,10.91,10.74,4110665.0,44418912.0,2028965702.75,3238088000.0
sh603668,天马科技,2018-05-16,10.86,10.86,10.68,10.75,10.91,2293860.0,24697782.0,1999210018.75,3190600000.0
sh603668,天马科技,2018-05-17,10.71,11.15,10.71,10.96,10.75,4404464.0,48328410.0,2038264354.0,3252928000.0
sh603668,天马科技,2018-05-18,10.9,11.34,10.9,11.21,10.96,6554487.0,73331423.0,2084757610.25,3327128000.0
sh603668,天马科技,2018-05-21,11.25,11.28,11.06,11.16,11.21,4508457.0,50179423.0,2075458959.0,3312288000.0
sh603668,天马科技,2018-05-22,11.15,11.32,11.03,11.3,11.16,4314497.0,48139284.0,2101495182.5,3353840000.0
sh603668,天马科技,2018-05-23,11.19,11.29,11.03,11.05,11.3,3518402.0,39275300.0,2055001926.25,3279640000.0
sh603668,天马科技,2018-05-24,11.0,11.58,11.0,11.43,11.05,6864707.0,78125802.0,2125671675.75,3392424000.0
sh603668,天马科技,2018-05-25,11.45,11.73,11.31,11.33,11.43,5128837.0,58981852.0,2107074373.25,3362744000.0
sh603668,天马科技,2018-05-28,11.25,11.45,11.08,11.16,11.33,3156717.0,35419715.0,2075458959.0,3312288000.0
sh603668,天马科技,2018-05-29,11.04,11.23,10.91,10.99,11.16,2108900.0,23331904.0,2043843544.75,3261832000.0
sh603668,天马科技,2018-05-30,10.87,11.25,10.2,10.52,10.99,4618061.0,49857962.0,1956436223.0,3122336000.0
sh603668,天马科技,2018-05-31,10.56,10.69,10.27,10.5,10.52,3327380.0,34945602.0,1952716762.5,3116400000.0
sh603668,天马科技,2018-06-01,10.5,11.41,10.4,11.14,10.5,6056008.0,66280575.0,2071739498.5,3306352000.0
sh603668,天马科技,2018-06-04,11.12,11.15,10.8,10.91,11.14,3365380.0,36831256.0,2028965702.75,3238088000.0
sh603668,天马科技,2018-06-05,10.87,12.0,10.81,11.58,10.91,8091139.0,93336049.0,2153567629.5,3436944000.0
sh603668,天马科技,2018-06-06,11.46,11.68,11.33,11.66,11.58,6195255.0,71258042.0,2168445471.5,3460688000.0
sh603668,天马科技,2018-06-07,11.51,11.57,11.35,11.39,11.66,3891284.0,44538994.0,2118232754.75,3380552000.0
sh603668,天马科技,2018-06-08,11.26,11.34,10.9,11.07,11.39,2902641.0,32218306.0,2058721386.75,3285576000.0
sh603668,天马科技,2018-06-11,11.07,11.24,10.96,11.04,11.07,2191341.0,24294934.0,2053142196.0,3276672000.0
sh603668,天马科技,2018-06-12,10.95,11.22,10.61,11.15,11.04,2947741.0,32414816.0,2073599228.75,3309320000.0
sh603668,天马科技,2018-06-13,11.06,11.22,10.89,10.93,11.15,1692500.0,18680037.0,2032685163.25,3244024000.0
sh603668,XD天马科,2018-06-14,10.8,11.04,10.61,10.75,10.87,2031520.0,21993481.0,1999210018.75,3190600000.0
sh603668,天马科技,2018-06-15,10.74,10.88,10.39,10.47,10.75,2245034.0,23763470.0,1947137571.75,3107496000.0
sh603668,天马科技,2018-06-19,10.36,10.46,9.5,9.66,10.47,3213980.0,32014893.0,1796499421.5,2867088000.0
sh603668,天马科技,2018-06-20,9.69,9.89,9.62,9.81,9.66,1849660.0,18098537.0,1824395375.25,2911608000.0
sh603668,天马科技,2018-06-21,9.75,9.87,9.12,9.37,9.81,2114320.0,20206893.0,1742567244.25,2781016000.0
sh603668,天马科技,2018-06-22,9.37,9.54,9.06,9.46,9.37,1372662.0,12890614.0,1759304816.5,2807728000.0
sh603668,天马科技,2018-06-25,9.6,9.65,9.2,9.27,9.46,1311667.0,12262435.0,1723969941.75,2751336000.0
sh603668,天马科技,2018-06-26,9.06,9.39,9.01,9.32,9.27,1222781.0,11312600.0,1733268593.0,2766176000.0
sh603668,天马科技,2018-06-27,9.35,9.54,9.2,9.27,9.32,928160.0,8665216.0,1723969941.75,2751336000.0
sh603668,天马科技,2018-06-28,9.25,9.44,9.23,9.27,9.27,850385.0,7930598.0,1723969941.75,2751336000.0
sh603668,天马科技,2018-06-29,9.28,9.5,9.24,9.44,9.27,1412550.0,13290103.0,1755585356.0,2801792000.0
sh603668,天马科技,2018-07-02,9.44,9.71,9.31,9.41,9.44,1566886.0,14901470.0,1750006165.25,2792888000.0
sh603668,天马科技,2018-07-03,9.4,9.56,9.3,9.54,9.41,1162134.0,10995176.0,1774182658.5,2831472000.0
sh603668,天马科技,2018-07-04,9.55,9.55,9.22,9.3,9.54,1029680.0,9616120.0,1729549132.5,2760240000.0
sh603668,天马科技,2018-07-05,9.3,9.35,8.9,8.91,9.3,1516841.0,13789174.0,1657019652.75,2644488000.0
sh603668,天马科技,2018-07-06,8.97,9.02,8.5,8.88,8.91,1534160.0,13639241.0,1651440462.0,2635584000.0
sh603668,天马科技,2018-07-09,8.9,9.12,8.78,9.08,8.88,942463.0,8508061.0,1688635067.0,2694944000.0
sh603668,天马科技,2018-07-10,9.16,9.33,9.14,9.26,9.08,1519433.0,14013361.0,1722110211.5,2748368000.0
sh603668,天马科技,2018-07-11,9.0,9.13,8.9,9.07,9.26,1247857.0,11278955.0,1686775336.75,2691976000.0
sh603668,天马科技,2018-07-12,8.98,9.37,8.98,9.27,9.07,1318155.0,12162765.0,1723969941.75,2751336000.0
sh603668,天马科技,2018-07-13,9.27,9.35,9.21,9.25,9.27,855355.0,7913434.0,1720250481.25,2745400000.0
sh603668,天马科技,2018-07-16,9.25,9.28,9.17,9.25,9.25,558678.0,5149491.0,1720250481.25,2745400000.0
sh603668,天马科技,2018-07-17,9.22,9.78,9.07,9.57,9.25,2673277.0,25274915.0,1779761849.25,2840376000.0
sh603668,天马科技,2018-07-18,9.51,9.69,9.36,9.38,9.57,1103260.0,10513819.0,1744426974.5,2811786320.0
sh603668,天马科技,2018-07-19,9.38,9.45,9.24,9.33,9.38,709819.0,6623767.0,1735128323.25,2796798120.0
sh603668,天马科技,2018-07-20,9.42,9.45,9.26,9.42,9.33,646680.0,6075384.0,1751865895.5,2823776880.0
sh603668,天马科技,2018-07-23,9.35,9.49,9.29,9.47,9.42,700220.0,6604642.0,1761164546.75,2838765080.0
sh603668,天马科技,2018-07-24,9.47,9.55,9.45,9.54,9.47,1318740.0,12551136.0,1774182658.5,2859748560.0
sh603668,天马科技,2018-07-25,9.56,9.6,9.46,9.51,9.54,792060.0,7550470.0,1768603467.75,2850755640.0
sh603668,天马科技,2018-07-26,9.45,9.58,9.34,9.4,9.51,928487.0,8750450.0,1748146435.0,2817781600.0
sh603668,天马科技,2018-07-27,9.32,9.47,9.3,9.31,9.4,765040.0,7162114.0,1731408862.75,2790802840.0
sh603668,天马科技,2018-07-30,9.24,9.31,9.07,9.13,9.31,955344.0,8760330.0,1697933718.25,2736845320.0
sh603668,天马科技,2018-07-31,9.11,9.2,9.08,9.14,9.13,465420.0,4261315.0,1699793448.5,2739842960.0
sh603668,天马科技,2018-08-01,9.23,9.25,9.07,9.07,9.14,633019.0,5789788.0,1686775336.75,2718859480.0
sh603668,天马科技,2018-08-02,9.1,9.1,8.51,8.64,9.07,1413515.0,12359958.0,1606806936.0,2589960960.0
sh603668,天马科技,2018-08-03,8.8,8.85,8.62,8.76,8.64,899694.0,7877062.0,1629123699.0,2625932640.0
sh603668,天马科技,2018-08-06,8.71,8.8,8.5,8.68,8.76,647004.0,5594625.0,1614245857.0,2601951520.0
sh603668,天马科技,2018-08-07,8.6,8.79,8.6,8.78,8.68,1164685.0,10160672.0,1632843159.5,2631927920.0
sh603668,天马科技,2018-08-08,8.8,8.88,8.41,8.52,8.78,1154359.0,9891665.0,1584490173.0,2553989280.0
sh603668,天马科技,2018-08-09,8.54,8.68,8.47,8.61,8.52,1140613.0,9823081.0,1601227745.25,2580968040.0
sh603668,天马科技,2018-08-10,8.55,9.15,8.55,8.88,8.61,2072003.0,18462362.0,1651440462.0,2661904320.0
sh603668,天马科技,2018-08-13,8.71,8.84,8.65,8.82,8.88,1086457.0,9475095.0,1640282080.5,2643918480.0
sh603668,天马科技,2018-08-14,8.76,8.95,8.74,8.8,8.82,588060.0,5165538.0,1636562620.0,2637923200.0
sh603668,天马科技,2018-08-15,8.9,8.9,8.46,8.67,8.8,939710.0,8092697.0,1612386126.75,2598953880.0
sh603668,天马科技,2018-08-16,8.51,8.66,8.49,8.61,8.67,669077.0,5738849.0,1601227745.25,2580968040.0
sh603668,天马科技,2018-08-17,8.61,8.8,8.42,8.44,8.61,610600.0,5214381.0,1569612331.0,2530008160.0
sh603668,天马科技,2018-08-20,8.44,8.53,8.15,8.37,8.44,953420.0,7894307.0,1556594219.25,2509024680.0
sh603668,天马科技,2018-08-21,8.37,8.48,8.27,8.43,8.37,883121.0,7413102.0,1567752600.75,2527010520.0
sh603668,天马科技,2018-08-22,8.37,8.78,8.31,8.63,8.43,1717320.0,14744433.0,1604947205.75,2586963320.0
sh603668,天马科技,2018-08-23,8.53,9.0,8.42,8.73,8.63,2296720.0,20101696.0,1623544508.25,2616939720.0
sh603668,天马科技,2018-08-24,8.67,8.76,8.56,8.57,8.73,1004800.0,8656069.0,1593788824.25,2568977480.0
sh603668,天马科技,2018-08-27,8.55,8.67,8.48,8.58,8.57,1209840.0,10389256.0,1595648554.5,2571975120.0
sh603668,天马科技,2018-08-28,8.61,8.63,8.52,8.54,8.58,701940.0,6015924.0,1588209633.5,2559984560.0
sh603668,天马科技,2018-08-29,8.55,8.62,8.5,8.57,8.54,737000.0,6310529.0,1593788824.25,2568977480.0
sh603668,天马科技,2018-08-30,8.57,8.63,8.39,8.39,8.57,845620.0,7171718.0,1560313679.75,2515019960.0
sh603668,天马科技,2018-08-31,8.4,8.46,8.23,8.37,8.39,968457.0,8047104.0,1556594219.25,2509024680.0
sh603668,天马科技,2018-09-03,8.3,8.4,8.17,8.38,8.37,734500.0,6073140.0,1558453949.5,2512022320.0
sh603668,天马科技,2018-09-04,8.47,8.58,8.32,8.53,8.38,891365.0,7586452.0,1586349903.25,2556986920.0
sh603668,天马科技,2018-09-05,8.46,9.05,8.46,8.66,8.53,2449260.0,21452878.0,1610526396.5,2595956240.0
sh603668,天马科技,2018-09-06,8.59,9.06,8.59,8.85,8.66,2215260.0,19667133.0,1645861271.25,2652911400.0
sh603668,天马科技,2018-09-07,8.81,8.85,8.62,8.71,8.85,1666050.0,14509153.0,1619825047.75,2610944440.0
sh603668,天马科技,2018-09-10,8.74,8.77,8.59,8.63,8.71,860240.0,7449700.0,1604947205.75,2586963320.0
sh603668,天马科技,2018-09-11,8.75,8.75,8.58,8.74,8.63,617417.0,5366078.0,1625404238.5,2619937360.0
sh603668,天马科技,2018-09-12,8.8,8.94,8.68,8.81,8.74,1110347.0,9838928.0,1638422350.25,2640920840.0
sh603668,天马科技,2018-09-13,8.85,8.95,8.78,8.8,8.81,721520.0,6383805.0,1636562620.0,2637923200.0
sh603668,天马科技,2018-09-14,8.8,8.93,8.68,8.78,8.8,681360.0,5994093.0,1632843159.5,2631927920.0
sh603668,天马科技,2018-09-17,8.8,8.84,8.6,8.78,8.78,609840.0,5316482.0,1632843159.5,2631927920.0
sh603668,天马科技,2018-09-18,8.76,8.86,8.65,8.84,8.78,717426.0,6289277.0,1644001541.0,2649913760.0
sh603668,天马科技,2018-09-19,8.86,8.87,8.7,8.85,8.84,1153657.0,10140957.0,1645861271.25,2652911400.0
sh603668,天马科技,2018-09-20,8.89,8.89,8.72,8.74,8.85,784340.0,6872692.0,1625404238.5,2619937360.0
sh603668,天马科技,2018-09-21,8.74,8.78,8.65,8.77,8.74,868040.0,7576918.0,1630983429.25,2628930280.0
sh603668,天马科技,2018-09-25,8.77,8.78,8.66,8.68,8.77,619180.0,5398687.0,1614245857.0,2601951520.0
sh603668,天马科技,2018-09-26,8.75,8.75,8.62,8.65,8.68,830714.0,7204682.0,1608666666.25,2592958600.0
sh603668,天马科技,2018-09-27,8.69,8.69,8.37,8.45,8.65,1106478.0,9386240.0,1571472061.25,2533005800.0
sh603668,天马科技,2018-09-28,8.4,8.52,8.4,8.45,8.45,744874.0,6293303.0,1571472061.25,2533005800.0
sh603668,天马科技,2018-10-08,8.25,8.37,7.87,8.0,8.45,1780160.0,14458455.0,1487784200.0,2398112000.0
sh603668,天马科技,2018-10-09,8.19,8.21,7.85,7.87,8.0,1452265.0,11544940.0,1463607706.75,2359142680.0
sh603668,天马科技,2018-10-10,7.83,7.94,7.63,7.9,7.87,1361008.0,10605279.0,1469186897.5,2368135600.0
sh603668,天马科技,2018-10-11,7.7,7.7,7.11,7.37,7.9,2188041.0,16149594.0,1370621194.25,2209260680.0
sh603668,天马科技,2018-10-12,7.3,7.45,7.0,7.45,7.37,1477490.0,10740151.0,1385499036.25,2233241800.0
sh603668,天马科技,2018-10-15,7.53,7.57,7.36,7.36,7.45,637860.0,4732553.0,1368761464.0,2206263040.0
sh603668,天马科技,2018-10-16,7.38,7.45,7.06,7.39,7.36,590880.0,4296247.0,1374340654.75,2215255960.0
sh603668,天马科技,2018-10-17,7.39,7.43,7.3,7.42,7.39,666814.0,4921681.0,1379919845.5,2224248880.0
sh603668,天马科技,2018-10-18,7.4,7.4,7.15,7.22,7.42,606960.0,4376722.0,1342725240.5,2164296080.0
sh603668,天马科技,2018-10-19,7.22,7.34,6.98,7.34,7.22,1880100.0,13420773.0,1365042003.5,2200267760.0
sh603668,天马科技,2018-10-22,7.32,7.9,7.26,7.6,7.34,1482880.0,11183360.0,1413394990.0,2278206400.0
sh603668,天马科技,2018-10-23,7.73,7.73,7.3,7.36,7.6,1166820.0,8721330.0,1368761464.0,2206263040.0
sh603668,天马科技,2018-10-24,7.38,7.48,7.3,7.38,7.36,483160.0,3565486.0,1372480924.5,2212258320.0
sh603668,天马科技,2018-10-25,7.25,7.68,7.0,7.29,7.38,1509760.0,11013257.0,1355743352.25,2185279560.0
sh603668,天马科技,2018-10-26,7.31,7.44,7.26,7.36,7.29,1084302.0,7962337.0,1368761464.0,2206263040.0
sh603668,天马科技,2018-10-29,7.38,7.44,7.19,7.34,7.36,1227700.0,8931125.0,1365042003.5,2200267760.0
sh603668,天马科技,2018-10-30,7.31,7.41,7.22,7.37,7.34,832460.0,6105060.0,1370621194.25,2209260680.0
sh603668,天马科技,2018-10-31,7.37,7.51,7.37,7.42,7.37,1018011.0,7572796.0,1379919845.5,2224248880.0
sh603668,天马科技,2018-11-01,7.41,7.6,7.41,7.53,7.42,1418640.0,10631810.0,1400376878.25,2257222920.0
sh603668,天马科技,2018-11-02,7.53,7.78,7.53,7.64,7.53,1789171.0,13712317.0,1420833911.0,2290196960.0
sh603668,天马科技,2018-11-05,7.72,7.79,7.57,7.68,7.64,1171880.0,8988044.0,1428272832.0,2302187520.0
sh603668,天马科技,2018-11-06,7.7,7.7,7.51,7.64,7.68,667300.0,5056771.0,1420833911.0,2290196960.0
sh603668,天马科技,2018-11-07,7.62,7.71,7.56,7.63,7.64,1015880.0,7762184.0,1418974180.75,2287199320.0
sh603668,天马科技,2018-11-08,7.67,7.75,7.56,7.58,7.63,646680.0,4937515.0,1409675529.5,2272211120.0
sh603668,天马科技,2018-11-09,7.6,7.97,7.51,7.76,7.58,2450402.0,18862244.0,1443150674.0,2326168640.0
sh603668,天马科技,2018-11-12,7.65,7.88,7.62,7.84,7.76,2287151.0,17808095.0,1458028516.0,2350149760.0
sh603668,天马科技,2018-11-13,7.78,7.96,7.7,7.94,7.84,2223603.0,17438110.0,1476625818.5,2380126160.0
sh603668,天马科技,2018-11-14,7.87,8.0,7.86,7.88,7.94,1633371.0,12930831.0,1465467437.0,2362140320.0
sh603668,天马科技,2018-11-15,7.89,8.06,7.86,8.02,7.88,1424640.0,11351909.0,1491503660.5,2404107280.0
sh603668,天马科技,2018-11-16,8.08,8.2,7.9,8.07,8.02,2539621.0,20468717.0,1500802311.75,2419095480.0
sh603668,天马科技,2018-11-19,8.02,8.13,7.95,8.06,8.07,1694449.0,13611334.0,1498942581.5,2416097840.0
sh603668,天马科技,2018-11-20,7.99,8.0,7.82,7.86,8.06,1769598.0,13960248.0,1461747976.5,2356145040.0
sh603668,天马科技,2018-11-21,7.71,7.89,7.7,7.85,7.86,1270909.0,9937515.0,1459888246.25,2353147400.0
sh603668,天马科技,2018-11-22,7.96,7.97,7.85,7.95,7.85,1319038.0,10441193.0,1478485548.75,2383123800.0
sh603668,天马科技,2018-11-23,8.33,8.39,7.88,7.92,7.95,5462961.0,44453424.0,1472906358.0,2374130880.0
sh603668,天马科技,2018-11-26,7.61,7.63,7.15,7.42,7.92,3908072.0,29180958.0,1379919845.5,2224248880.0
sh603668,天马科技,2018-11-27,7.35,7.5,7.34,7.47,7.42,1207501.0,8968715.0,1389218496.75,2239237080.0
sh603668,天马科技,2018-11-28,7.46,7.58,7.38,7.51,7.47,1478600.0,11054550.0,1396657417.75,2251227640.0
sh603668,天马科技,2018-11-29,7.5,7.6,7.29,7.32,7.51,1487100.0,11118830.0,1361322543.0,2194272480.0
sh603668,天马科技,2018-11-30,7.34,7.41,7.22,7.35,7.32,1293319.0,9459947.0,1366901733.75,2203265400.0
sh603668,天马科技,2018-12-03,7.47,7.58,7.45,7.52,7.35,1631980.0,12266922.0,1398517148.0,2254225280.0
sh603668,天马科技,2018-12-04,7.53,7.66,7.48,7.64,7.52,1815178.0,13772725.0,1420833911.0,2290196960.0
sh603668,天马科技,2018-12-05,7.5,7.69,7.47,7.61,7.64,1385213.0,10501668.0,1415254720.25,2281204040.0
sh603668,天马科技,2018-12-06,7.6,7.7,7.54,7.61,7.61,1753854.0,13354409.0,1415254720.25,2281204040.0
sh603668,天马科技,2018-12-07,7.46,7.6,7.45,7.54,7.61,1158959.0,8710682.0,1402236608.5,2260220560.0
sh603668,天马科技,2018-12-10,7.52,7.53,7.32,7.41,7.54,1100556.0,8143154.0,1378060115.25,2221251240.0
sh603668,天马科技,2018-12-11,7.5,7.59,7.38,7.44,7.41,536899.0,3991498.0,1383639306.0,2230244160.0
sh603668,天马科技,2018-12-12,7.55,7.55,7.45,7.45,7.44,607520.0,4539335.0,1385499036.25,2233241800.0
sh603668,天马科技,2018-12-13,7.52,7.52,7.39,7.47,7.45,1229298.0,9152892.0,1389218496.75,2239237080.0
sh603668,天马科技,2018-12-14,7.48,7.78,7.41,7.55,7.47,2717980.0,20604314.0,1404096338.75,2263218200.0
sh603668,天马科技,2018-12-17,7.5,7.5,7.31,7.4,7.55,1376640.0,10151775.0,1376200385.0,2218253600.0
sh603668,天马科技,2018-12-18,7.35,7.39,7.25,7.29,7.4,828440.0,6060557.0,1355743352.25,2185279560.0
sh603668,天马科技,2018-12-19,7.28,7.37,7.21,7.37,7.29,820560.0,5969958.0,1370621194.25,2209260680.0
sh603668,天马科技,2018-12-20,7.34,7.34,7.22,7.29,7.37,644196.0,4686873.0,1355743352.25,2185279560.0
sh603668,天马科技,2018-12-21,7.27,7.41,7.1,7.41,7.29,1176340.0,8519409.0,1378060115.25,2221251240.0
sh603668,天马科技,2018-12-24,7.31,7.65,7.23,7.46,7.41,1351100.0,10076232.0,1387358766.5,2236239440.0
sh603668,天马科技,2018-12-25,7.46,7.46,7.14,7.36,7.46,1427080.0,10347559.0,1368761464.0,2206263040.0
sh603668,天马科技,2018-12-26,7.31,7.33,7.23,7.26,7.36,567520.0,4121712.0,1350164161.5,2176286640.0
sh603668,天马科技,2018-12-27,7.33,7.37,7.17,7.19,7.26,728127.0,5294665.0,1337146049.75,2155303160.0
sh603668,天马科技,2018-12-28,7.13,7.28,7.13,7.26,7.19,622357.0,4491811.0,1350164161.5,2176286640.0
sh603668,天马科技,2019-01-02,7.3,7.31,7.21,7.25,7.26,433740.0,3143514.0,1348304431.25,2173289000.0
sh603668,天马科技,2019-01-03,7.23,7.28,7.19,7.26,7.25,434040.0,3137400.0,1350201928.02,2176324406.52
sh603668,天马科技,2019-01-04,7.26,7.35,7.1,7.35,7.26,756983.0,5514646.0,1366939968.45,2203303634.7
sh603668,天马科技,2019-01-07,7.39,7.46,7.35,7.41,7.35,966783.0,7150608.0,1378098662.07,2221289786.82
sh603668,天马科技,2019-01-08,7.41,7.41,7.34,7.37,7.41,648180.0,4779836.0,1370659532.99,2209299018.74
sh603668,天马科技,2019-01-09,7.35,7.68,7.35,7.65,7.37,4200200.0,31843555.0,1422733436.55,2293234395.3
sh603668,天马科技,2019-01-10,7.53,7.59,7.5,7.56,7.65,1913700.0,14434485.0,1405995396.12,2266255167.12
sh603668,天马科技,2019-01-11,7.56,7.65,7.46,7.59,7.56,1190243.0,8960679.0,1411574742.93,2275248243.18
sh603668,天马科技,2019-01-14,7.59,7.68,7.49,7.51,7.59,1327208.0,10030182.0,1396696484.77,2250327957.02
sh603668,天马科技,2019-01-15,7.51,7.51,6.76,7.38,7.51,1844120.0,13428844.0,1372519315.26,2211374210.76
sh603668,天马科技,2019-01-16,7.34,7.4,7.23,7.28,7.38,1212980.0,8860827.0,1353921492.56,2181409790.56
sh603668,天马科技,2019-01-17,7.31,7.32,7.1,7.16,7.28,1077120.0,7810389.0,1331604105.32,2145452486.32
sh603668,天马科技,2019-01-18,7.18,7.28,7.16,7.27,7.16,1046160.0,7567560.0,1352061710.29,2178413348.54
sh603668,天马科技,2019-01-21,7.27,7.33,7.26,7.28,7.27,655503.0,4776430.0,1353921492.56,2181409790.56
sh603668,天马科技,2019-01-22,7.28,7.34,7.18,7.28,7.28,924780.0,6712858.0,1353921492.56,2181409790.56
sh603668,天马科技,2019-01-23,7.28,7.28,7.21,7.25,7.28,594891.0,4309670.0,1348342145.75,2172420464.5
sh603668,天马科技,2019-01-24,7.23,7.36,7.22,7.33,7.25,1030077.0,7518789.0,1363220403.91,2196392000.66
sh603668,天马科技,2019-01-25,7.33,7.34,7.22,7.28,7.33,799780.0,5817112.0,1353921492.56,2181409790.56
sh603668,天马科技,2019-01-28,7.31,7.34,7.23,7.27,7.28,744110.0,5415320.0,1352061710.29,2178413348.54
sh603668,天马科技,2019-01-29,7.22,7.31,6.54,7.3,7.27,1751210.0,12442766.0,1357641057.1,2187402674.6
sh603668,天马科技,2019-01-30,7.19,7.29,6.85,7.26,7.3,1252217.0,9005472.0,1350201928.02,2175416906.52
sh603668,天马科技,2019-01-31,7.26,7.5,7.01,7.3,7.26,1019660.0,7337860.0,1357641057.1,2187402674.6
sh603668,天马科技,2019-02-01,7.32,7.5,7.32,7.47,7.3,1468317.0,10905371.0,1389257355.69,2238342188.94
sh603668,天马科技,2019-02-11,7.47,7.62,7.45,7.55,7.47,1426040.0,10737258.0,1404135613.85,2262313725.1
sh603668,天马科技,2019-02-12,7.55,7.56,7.44,7.49,7.55,1340380.0,10057478.0,1392976920.23,2244335072.98
sh603668,天马科技,2019-02-13,7.49,7.58,7.47,7.57,7.49,2029200.0,15328360.0,1407855178.39,2268306609.14
sh603668,天马科技,2019-02-14,7.52,7.74,7.52,7.7,7.57,2824031.0,21621890.0,1432032347.9,2307260355.4
sh603668,天马科技,2019-02-15,7.74,7.99,7.64,7.95,7.7,4619511.0,36302342.0,1478526904.65,2382171405.9
sh603668,天马科技,2019-02-18,7.95,8.75,7.9,8.58,7.95,9388409.0,80248350.0,1595693187.66,2570947253.16
sh603668,天马科技,2019-02-19,8.49,8.58,8.25,8.35,8.58,7474637.0,62500239.0,1552918195.45,2502029086.7
sh603668,天马科技,2019-02-20,8.35,8.58,8.16,8.2,8.35,4100907.0,34311085.0,1525021461.4,2457082456.4
sh603668,天马科技,2019-02-21,8.2,8.37,8.1,8.14,8.2,5106419.0,41902051.0,1513862767.78,2439103804.28
sh603668,天马科技,2019-02-22,8.09,8.22,8.02,8.19,8.14,4025638.0,32691056.0,1523161679.13,2454086014.38
sh603668,天马科技,2019-02-25,8.21,8.48,8.1,8.4,8.19,8174663.0,68033858.0,1562217106.8,2517011296.8
sh603668,天马科技,2019-02-26,8.39,8.51,8.27,8.35,8.4,6588511.0,55246463.0,1552918195.45,2502029086.7
sh603668,天马科技,2019-02-27,8.35,8.4,8.15,8.26,8.35,4074948.0,33753898.0,1536180155.02,2475061108.52
sh603668,天马科技,2019-02-28,8.24,8.44,8.19,8.31,8.26,1998518.0,16524598.0,1545479066.37,2490043318.62
sh603668,天马科技,2019-03-01,8.33,8.36,8.2,8.23,8.31,2123086.0,17496381.0,1530600808.21,2466071782.46
sh603668,天马科技,2019-03-04,8.24,8.41,8.22,8.26,8.23,4717449.0,39252300.0,1536180155.02,2475061108.52
sh603668,天马科技,2019-03-05,8.26,8.69,8.23,8.62,8.26,8596548.0,73257691.0,1603132316.74,2582933021.24
sh603668,天马科技,2019-03-06,8.57,8.7,8.48,8.65,8.62,6565076.0,56443711.0,1608711663.55,2591922347.3
sh603668,天马科技,2019-03-07,8.65,8.96,8.55,8.76,8.65,7445220.0,65124813.0,1629169268.52,2624883209.52
sh603668,天马科技,2019-03-08,8.58,9.43,8.35,8.9,8.76,12275213.0,109210302.0,1655206220.3,2666833397.8
sh603668,天马科技,2019-03-11,8.96,9.39,8.93,9.26,8.9,10294039.0,94355756.0,1722158382.02,2774705310.52
sh603668,天马科技,2019-03-12,9.36,9.48,8.99,9.23,9.26,10350856.0,95453164.0,1716579035.21,2765715984.46
sh603668,天马科技,2019-03-13,9.22,9.23,8.73,8.88,9.23,6723438.0,60319588.0,1651486655.76,2660840513.76
sh603668,天马科技,2019-03-14,8.76,8.87,8.35,8.5,8.88,4483755.0,38275198.0,1580814929.5,2546975717.0
sh603668,天马科技,2019-03-15,8.49,8.65,8.39,8.64,8.5,3647267.0,31162529.0,1606851881.28,2588925905.28
sh603668,天马科技,2019-03-18,8.63,8.85,8.52,8.79,8.64,3353049.0,29079577.0,1634748615.33,2633872535.58
sh603668,天马科技,2019-03-19,8.85,8.85,8.67,8.73,8.79,2795464.0,24474885.0,1623589921.71,2615893883.46
sh603668,天马科技,2019-03-20,8.75,8.84,8.62,8.79,8.73,2608203.0,22792903.0,1634748615.33,2633872535.58
sh603668,天马科技,2019-03-21,8.8,9.17,8.72,9.06,8.79,6914162.0,61992400.0,1684962736.62,2714776470.12
sh603668,天马科技,2019-03-22,9.02,9.09,8.79,8.92,9.06,4582735.0,40790230.0,1658925784.84,2672826281.84
sh603668,天马科技,2019-03-25,8.68,9.19,8.54,9.05,8.92,5217667.0,46638745.0,1683102954.35,2711780028.1
sh603668,天马科技,2019-03-26,9.18,9.94,9.1,9.44,9.05,15527194.0,148492608.0,1755634462.88,2828641266.88
sh603668,天马科技,2019-03-27,9.35,9.84,9.15,9.7,9.44,10799621.0,102166158.0,1803988801.9,2906548759.4
sh603668,天马科技,2019-03-28,9.65,10.16,9.45,9.94,9.7,13730393.0,136001323.0,1848623576.38,2978463367.88
sh603668,天马科技,2019-03-29,9.92,10.56,9.72,10.25,9.94,16347169.0,166833533.0,1906276826.75,3071353070.5
sh603668,天马科技,2019-04-01,10.25,10.6,10.22,10.29,10.25,12350193.0,128296116.0,1913715955.83,3083338838.58
sh603668,天马科技,2019-04-02,10.07,10.37,10.03,10.05,10.29,8287068.0,84507314.0,2040950964.9,3183294013.65
sh603668,天马科技,2019-04-03,9.9,10.14,9.77,10.0,10.05,7148743.0,71065318.0,2030796980.0,3167456730.0
sh603668,天马科技,2019-04-04,10.03,10.26,9.97,10.0,10.0,6862775.0,69214852.0,2030796980.0,3167456730.0
sh603668,天马科技,2019-04-08,10.02,10.26,10.02,10.18,10.0,7575326.0,76814292.0,2067351325.64,3224470951.14
sh603668,天马科技,2019-04-09,10.19,10.5,10.13,10.48,10.18,7793519.0,80728586.0,2128275235.04,3319494653.04
sh603668,天马科技,2019-04-10,11.0,11.17,10.43,10.49,10.48,10418644.0,112765960.0,2130306032.02,3322662109.77
sh603668,天马科技,2019-04-11,10.43,10.87,10.2,10.49,10.49,6694155.0,70618856.0,2130306032.02,3322662109.77
sh603668,天马科技,2019-04-12,10.05,10.45,10.05,10.07,10.49,5744135.0,58527983.0,2045012558.86,3189628927.11
sh603668,天马科技,2019-04-15,10.2,10.34,9.8,9.89,10.07,4838861.0,48431018.0,2008458213.22,3132614705.97
sh603668,天马科技,2019-04-16,9.89,10.05,9.81,10.01,9.89,2712955.0,27001297.0,2032827776.98,3170624186.73
sh603668,天马科技,2019-04-17,9.98,10.4,9.96,10.04,10.01,4210235.0,42567694.0,2038920167.92,3180126556.92
sh603668,天马科技,2019-04-18,10.15,10.19,9.62,9.64,10.04,5571007.0,55102648.0,1957688288.72,3053428287.72
sh603668,天马科技,2019-04-19,9.79,9.87,9.6,9.67,9.64,4919739.0,47729703.0,1963780679.66,3062930657.91
sh603668,天马科技,2019-04-22,9.67,9.7,9.22,9.41,9.67,7954668.0,75294203.0,1910979958.18,2980576782.93
sh603668,天马科技,2019-04-23,9.41,9.68,9.2,9.46,9.41,5618422.0,52965812.0,1921133943.08,2996414066.58
sh603668,天马科技,2019-04-24,9.47,9.66,9.37,9.38,9.46,4697206.0,44280974.0,1904887567.24,2971074412.74
sh603668,天马科技,2019-04-25,9.33,9.4,8.9,9.13,9.38,6336072.0,57990564.0,1854117642.74,2891887994.49
sh603668,天马科技,2019-04-26,9.14,9.24,8.9,8.9,9.13,3764076.0,33862904.0,1807409312.2,2819036489.7
sh603668,天马科技,2019-04-29,8.9,8.9,8.51,8.58,8.9,5244178.0,45512480.0,1742423808.84,2717677874.34
sh603668,天马科技,2019-04-30,8.58,8.96,8.5,8.96,8.58,4248421.0,37306078.0,1819594094.08,2838041230.08
sh603668,天马科技,2019-05-06,8.96,8.97,8.51,8.69,8.96,5284627.0,46203366.0,1764762575.62,2752519898.37
sh603668,天马科技,2019-05-07,8.82,9.39,8.68,9.26,8.69,5493306.0,49697252.0,1880518003.48,2933064931.98
sh603668,天马科技,2019-05-08,9.17,9.46,9.0,9.35,9.26,3988041.0,37050074.0,1898795176.3,2961572042.55
sh603668,天马科技,2019-05-09,9.2,9.32,9.12,9.19,9.35,2327710.0,21425907.0,1866302424.62,2910892734.87
sh603668,天马科技,2019-05-10,9.3,9.43,9.0,9.31,9.19,3184935.0,29609449.0,1890671988.38,2948902215.63
sh603668,天马科技,2019-05-13,9.1,9.48,9.08,9.43,9.31,3344365.0,31368884.0,1915041552.14,2986911696.39
sh603668,天马科技,2019-05-14,9.27,9.55,9.27,9.54,9.43,3867026.0,36659137.0,1937380318.92,3021753720.42
sh603668,天马科技,2019-05-15,9.54,10.15,9.5,9.97,9.54,6881575.0,68066478.0,2024704589.06,3157954359.81
sh603668,天马科技,2019-05-16,9.97,10.29,9.84,9.89,9.97,5540822.0,55382339.0,2008458213.22,3132614705.97
sh603668,天马科技,2019-05-17,9.92,10.1,9.75,9.77,9.89,5284330.0,52391521.0,1984088649.46,3094605225.21
sh603668,天马科技,2019-05-20,9.68,9.92,9.5,9.9,9.77,5208829.0,50367309.0,2010489010.2,3135782162.7
sh603668,天马科技,2019-05-21,9.85,10.26,9.8,10.2,9.9,7644752.0,77499322.0,2071412919.6,3230805864.6
sh603668,天马科技,2019-05-22,10.2,10.34,10.01,10.1,10.2,4720269.0,47958442.0,2051104949.8,3199131297.3
sh603668,天马科技,2019-05-23,9.97,10.16,9.72,9.85,10.1,3827751.0,37988681.0,2000335025.3,3119944879.05
sh603668,天马科技,2019-05-24,9.84,10.1,9.8,10.08,9.85,4141111.0,41153437.0,2047043355.84,3192796383.84
sh603668,天马科技,2019-05-27,10.32,11.09,10.32,11.09,10.08,13946300.0,149886464.0,2252153850.82,3512709513.57
sh603668,天马科技,2019-05-28,11.89,12.2,11.89,12.2,11.09,9285735.0,112132928.0,2477572315.6,3864297210.6
sh603668,天马科技,2019-05-29,13.19,13.42,13.19,13.42,12.2,8198522.0,109130383.0,2725329547.16,4250726931.66
sh603668,天马科技,2019-05-30,14.51,14.76,12.08,12.09,13.42,58993945.0,769432332.0,2455233548.82,3829455186.57
sh603668,天马科技,2019-05-31,11.2,11.57,10.88,10.93,12.09,52135382.0,575117050.0,2219661099.14,3462030205.89
sh603668,天马科技,2019-06-03,10.52,10.66,9.86,9.96,10.93,30210455.0,310203411.0,2158850418.0,3290963529.0
sh603668,天马科技,2019-06-04,10.22,10.22,9.5,9.57,9.96,20293848.0,199584678.0,2074317118.5,3162100499.25
sh603668,天马科技,2019-06-05,9.6,9.86,9.23,9.47,9.57,20250519.0,192966508.0,2052641913.5,3129058696.75
sh603668,天马科技,2019-06-06,9.47,9.47,8.82,8.94,9.47,15527185.0,141208329.0,1937763327.0,2953937143.5
sh603668,天马科技,2019-06-10,8.95,9.19,8.74,9.03,8.94,11762344.0,105014605.0,1957271011.5,2983674765.75
sh603668,天马科技,2019-06-11,8.91,9.34,8.9,9.28,9.03,14570244.0,133657727.0,2011459024.0,3066279272.0
sh603668,天马科技,2019-06-12,9.19,9.2,8.99,9.01,9.28,13515944.0,122569406.0,1952935970.5,2977066405.25
sh603668,天马科技,2019-06-13,8.89,9.04,8.78,8.99,9.01,11243728.0,99995613.0,1948600929.5,2970458044.75
sh603668,天马科技,2019-06-14,8.99,9.0,8.61,8.68,8.99,9957862.0,87548326.0,1881407794.0,2868028457.0
sh603668,天马科技,2019-06-17,8.68,8.91,8.67,8.75,8.68,5032992.0,44111358.0,1896580437.5,2891157718.75
sh603668,天马科技,2019-06-18,8.75,8.85,8.67,8.78,8.75,4184000.0,36718704.0,1924769010.74,2922756271.24
sh603668,天马科技,2019-06-19,8.95,8.95,8.74,8.77,8.78,6679283.0,59109731.0,1922576790.91,2919427391.66
sh603668,天马科技,2019-06-20,8.75,8.75,8.53,8.71,8.77,8582147.0,74105567.0,1909423471.93,2899454114.18
sh603668,天马科技,2019-06-21,8.77,8.97,8.75,8.88,8.71,9156549.0,81300522.0,1946691209.04,2956045067.04
sh603668,天马科技,2019-06-24,8.84,8.88,8.73,8.86,8.88,6646104.0,58444924.0,1942306769.38,2949387307.88
sh603668,天马科技,2019-06-25,8.89,9.45,8.87,9.21,8.86,18250842.0,167768948.0,2019034463.43,3065898093.18
sh603668,XD天马科,2019-06-26,9.0,9.05,8.81,8.98,9.16,8026114.0,71648413.0,1968613407.34,2989333862.84
sh603668,天马科技,2019-06-27,8.85,9.02,8.85,8.92,8.98,6823716.0,61005155.0,1955460088.36,2969360585.36
sh603668,天马科技,2019-06-28,8.97,8.99,8.56,8.65,8.92,7626123.0,66428534.0,1896270152.95,2879480836.7
sh603668,天马科技,2019-07-01,8.73,8.83,8.68,8.82,8.65,6951952.0,60989190.0,1933537890.06,2936071789.56
sh603668,天马科技,2019-07-02,8.79,8.88,8.75,8.79,8.82,5256311.0,46345079.0,1932381443.43,2931505363.68
sh603668,天马科技,2019-07-03,8.76,8.83,8.64,8.69,8.79,4903301.0,42729367.0,1910397581.73,2898154904.48
sh603668,天马科技,2019-07-04,8.71,8.74,8.57,8.62,8.69,5033166.0,43389513.0,1895008878.54,2874809583.04
sh603668,天马科技,2019-07-05,8.6,9.08,8.55,8.95,8.62,12041832.0,106917323.0,1967555622.15,2984866098.4
sh603668,天马科技,2019-07-08,8.96,9.3,8.8,9.02,8.95,13174341.0,118949926.0,1982944325.34,3008211419.84
sh603668,天马科技,2019-07-09,8.98,8.99,8.65,8.91,9.02,6798166.0,59987396.0,1958762077.47,2971525914.72
sh603668,天马科技,2019-07-10,8.87,8.99,8.65,8.7,8.91,5796835.0,50967388.0,1912595967.9,2901489950.4
sh603668,天马科技,2019-07-11,8.67,8.79,8.57,8.59,8.7,4708196.0,40762836.0,1888413720.03,2864804445.28
sh603668,天马科技,2019-07-12,8.61,8.75,8.47,8.65,8.59,5558740.0,48021681.0,1901604037.05,2884814720.8
sh603668,天马科技,2019-07-15,8.65,8.89,8.32,8.75,8.65,7679578.0,66082974.0,1923587898.75,2918165180.0
sh603668,天马科技,2019-07-16,8.75,8.84,8.64,8.67,8.75,2932263.0,25469397.0,1906000809.39,2891484812.64
sh603668,天马科技,2019-07-17,8.67,8.76,8.58,8.66,8.67,3615762.0,31358125.0,1903802423.22,2888149766.72
sh603668,天马科技,2019-07-18,8.59,8.74,8.49,8.57,8.66,3921975.0,33829258.0,1884016947.69,2858134353.44
sh603668,天马科技,2019-07-19,8.49,8.65,8.49,8.51,8.57,2990106.0,25591202.0,1870826630.67,2838124077.92
sh603668,天马科技,2019-07-22,8.51,8.52,8.05,8.08,8.51,5690230.0,46580967.0,1776296025.36,2694717103.36
sh603668,天马科技,2019-07-23,8.06,8.16,8.0,8.12,8.08,3452481.0,27961998.0,1785089570.04,2708057287.04
sh603668,天马科技,2019-07-24,8.11,8.42,8.11,8.26,8.12,3741280.0,31021151.0,1815866976.42,2754747929.92
sh603668,天马科技,2019-07-25,8.26,8.32,8.17,8.19,8.26,2563463.0,21051309.0,1806026588.73,2731402608.48
sh603668,天马科技,2019-07-26,8.17,8.29,8.11,8.23,8.19,2408070.0,19750772.0,1814847231.41,2744742792.16
sh603668,天马科技,2019-07-29,8.28,8.78,8.17,8.45,8.23,6874283.0,58137062.0,1863360766.15,2818113802.4
sh603668,天马科技,2019-07-30,8.45,8.45,8.31,8.35,8.45,4210926.0,35216164.0,1841309159.45,2784763343.2
sh603668,天马科技,2019-07-31,8.38,8.38,8.22,8.23,8.35,1927741.0,15924074.0,1814847231.41,2744742792.16
sh603668,天马科技,2019-08-01,8.18,8.24,8.13,8.15,8.23,1749150.0,14308845.0,1797205946.05,2718062424.8
sh603668,天马科技,2019-08-02,8.01,8.14,7.97,8.14,8.15,2987127.0,24084780.0,1795000785.38,2714727378.88
sh603668,天马科技,2019-08-05,8.14,8.35,8.11,8.16,8.14,3078040.0,25339463.0,1799411106.72,2721397470.72
sh603668,天马科技,2019-08-06,8.01,8.22,7.95,8.12,8.16,3423323.0,27667186.0,1790590464.04,2708057287.04
sh603668,天马科技,2019-08-07,8.15,8.21,7.97,8.0,8.12,3362360.0,27066017.0,1764128536.0,2668036736.0
sh603668,天马科技,2019-08-08,8.0,8.06,7.98,7.98,8.0,1813134.0,14528692.0,1759718214.66,2661366644.16
sh603668,天马科技,2019-08-09,8.3,8.68,8.27,8.32,7.98,15093225.0,127646388.0,1839322800.64,2779387328.64
sh603668,天马科技,2019-08-12,8.19,8.49,8.15,8.44,8.32,10147254.0,84982861.0,1865851494.88,2819474645.88
sh603668,天马科技,2019-08-13,8.4,8.4,8.2,8.23,8.44,5542879.0,45764600.0,1819426279.96,2749321840.71
sh603668,天马科技,2019-08-14,8.32,8.4,8.2,8.2,8.23,4514618.0,37428749.0,1812794106.4,2739300011.4
sh603668,天马科技,2019-08-15,8.02,8.1,7.91,8.08,8.2,3880753.0,31204170.0,1786265412.16,2699212694.16
sh603668,天马科技,2019-08-16,8.09,8.29,8.0,8.18,8.08,5301439.0,43131614.0,1808372657.36,2732618791.86
sh603668,天马科技,2019-08-19,8.2,8.41,8.19,8.31,8.18,6113240.0,50799340.0,1837112076.12,2776046718.87
sh603668,天马科技,2019-08-20,8.4,8.47,8.29,8.32,8.31,5877817.0,49127870.0,1839322800.64,2779387328.64
sh603668,天马科技,2019-08-21,8.34,8.38,8.26,8.31,8.32,4617986.0,38344881.0,1837112076.12,2776046718.87
sh603668,天马科技,2019-08-22,8.31,8.35,8.27,8.32,8.31,3609780.0,29955415.0,1839322800.64,2779387328.64
sh603668,天马科技,2019-08-23,8.35,8.38,8.22,8.28,8.32,4530618.0,37450894.0,1830502523.52,2766047510.52
sh603668,天马科技,2019-08-26,8.07,8.22,8.0,8.2,8.28,3075035.0,25017522.0,1812816508.8,2739322413.8
sh603668,天马科技,2019-08-27,8.18,8.47,8.18,8.33,8.2,4547840.0,37885617.0,1841556282.72,2782750695.97
sh603668,天马科技,2019-08-28,8.37,8.74,8.31,8.57,8.33,11986845.0,102018594.0,1894614326.88,2862925986.13
sh603668,天马科技,2019-08-29,8.55,8.59,8.36,8.38,8.57,6321327.0,53418713.0,1852610041.92,2799453881.42
sh603668,天马科技,2019-08-30,8.4,8.41,8.2,8.23,8.38,5463832.0,45248132.0,1819448764.32,2749344325.07
sh603668,天马科技,2019-09-02,8.14,8.37,8.14,8.34,8.23,3779891.0,31341925.0,1843767034.56,2786091333.06
sh603668,天马科技,2019-09-03,8.39,8.49,8.33,8.41,8.34,4502341.0,37878058.0,1859242297.44,2809475792.69
sh603668,天马科技,2019-09-04,8.41,8.46,8.35,8.41,8.41,3004020.0,25225202.0,1859242297.44,2809475792.69
sh603668,天马科技,2019-09-05,8.44,8.63,8.43,8.46,8.41,5729340.0,48710694.0,1870296056.64,2826178978.14
sh603668,天马科技,2019-09-06,8.47,8.5,8.39,8.46,8.46,3740382.0,31534601.0,1870296056.64,2826178978.14
sh603668,天马科技,2019-09-09,8.47,8.6,8.45,8.6,8.46,7088394.0,60460967.0,1901246582.4,2872947897.4
sh603668,天马科技,2019-09-10,8.6,9.07,8.55,8.87,8.6,14809612.0,130678308.0,1960936882.08,2963145098.83
sh603668,天马科技,2019-09-11,8.88,8.9,8.63,8.65,8.87,8176220.0,71616128.0,1912300341.6,2889651082.85
sh603668,天马科技,2019-09-12,8.7,8.8,8.62,8.77,8.65,5370996.0,46785205.0,1938831749.12,2929741113.37
sh603668,天马科技,2019-09-16,8.79,9.08,8.75,8.8,8.77,7399251.0,65878462.0,1945464012.8,2939763032.8
sh603668,天马科技,2019-09-17,8.75,8.75,8.49,8.61,8.8,6214038.0,53479129.0,1903459676.16,2876012773.41
sh603668,天马科技,2019-09-18,8.63,8.73,8.53,8.73,8.61,3989542.0,34453462.0,1929988730.88,2916096575.13
sh603668,天马科技,2019-09-19,8.8,8.8,8.66,8.76,8.73,3760140.0,32811817.0,1936620994.56,2926117525.56
sh603668,天马科技,2019-09-20,8.76,8.83,8.68,8.71,8.76,4027993.0,35173380.0,1925567221.76,2909415941.51
sh603668,天马科技,2019-09-23,8.69,8.69,8.51,8.55,8.71,3814299.0,32667107.0,1890195148.8,2855970872.55
sh603668,天马科技,2019-09-24,8.59,8.75,8.57,8.61,8.55,3814530.0,32986102.0,1903459676.16,2876012773.41
sh603668,天马科技,2019-09-25,8.52,8.59,8.42,8.49,8.61,3646515.0,30938324.0,1876930621.44,2835928971.69
sh603668,天马科技,2019-09-26,8.48,8.69,8.28,8.37,8.49,4138870.0,34913660.0,1850401566.72,2795845169.97
sh603668,天马科技,2019-09-27,8.35,8.55,8.3,8.45,8.37,2890900.0,24443272.0,1868087603.2,2822567704.45
sh603668,天马科技,2019-09-30,8.45,8.57,8.45,8.48,8.45,2279541.0,19429253.0,1874719866.88,2832588654.88
sh603668,天马科技,2019-10-08,8.56,8.6,8.42,8.6,8.48,3179681.0,27111145.0,1901248921.6,2872672456.6
sh603668,天马科技,2019-10-09,8.55,8.65,8.52,8.64,8.6,2198180.0,18915039.0,1921012312.32,2896954096.32
sh603668,天马科技,2019-10-10,8.64,8.76,8.63,8.72,8.64,3026120.0,26322025.0,1938799463.36,2923777745.36
sh603668,天马科技,2019-10-11,8.7,8.77,8.6,8.77,8.72,4376185.0,38145726.0,1949916432.76,2940542526.01
sh603668,天马科技,2019-10-14,8.77,8.82,8.75,8.78,8.77,5092451.0,44733345.0,1952139826.64,2943895482.14
sh603668,天马科技,2019-10-15,8.74,8.75,8.61,8.73,8.78,3512852.0,30538846.0,1941022857.24,2927130701.49
sh603668,天马科技,2019-10-16,8.76,8.85,8.67,8.67,8.73,2972376.0,26115339.0,1927682493.96,2907012964.71
sh603668,天马科技,2019-10-17,8.72,8.72,8.55,8.59,8.67,2282780.0,19641286.0,1909895342.92,2880189315.67
sh603668,天马科技,2019-10-18,8.6,8.69,8.38,8.47,8.59,3024095.0,25756840.0,1883214616.36,2839953842.11
sh603668,天马科技,2019-10-21,8.39,8.69,8.33,8.64,8.47,2905960.0,24715029.0,1921012312.32,2896954096.32
sh603668,天马科技,2019-10-22,8.65,8.74,8.55,8.61,8.64,2329780.0,20097303.0,1914342130.68,2886895227.93
sh603668,天马科技,2019-10-23,8.58,8.81,8.56,8.68,8.61,3581328.0,31225924.0,1929905887.84,2910365920.84
sh603668,天马科技,2019-10-24,8.66,8.91,8.58,8.9,8.68,6008459.0,52775633.0,1978820553.2,2984130955.7
sh603668,天马科技,2019-10-25,8.94,9.79,8.78,9.79,8.9,25939711.0,245147614.0,2176702608.52,3282544051.27
sh603668,天马科技,2019-10-28,9.39,10.68,9.3,10.16,9.79,29175449.0,282737878.0,2258968182.08,3406603428.08
sh603668,天马科技,2019-10-29,9.86,10.3,9.71,9.82,10.16,20190914.0,202205733.0,2183372790.16,3292602919.66
sh603668,天马科技,2019-10-30,9.57,9.79,9.11,9.42,9.82,14359584.0,135287690.0,2094437034.96,3158484674.46
sh603668,天马科技,2019-10-31,9.35,9.55,9.01,9.05,9.42,11132080.0,103250873.0,2012171461.4,3034425297.65
sh603668,天马科技,2019-11-01,9.08,9.28,8.81,9.25,9.05,11960761.0,108425418.0,2056639339.0,3101484420.25
sh603668,天马科技,2019-11-04,9.18,9.23,9.04,9.1,9.25,8383875.0,76699926.0,2023288430.8,3051190078.3
sh603668,天马科技,2019-11-05,9.15,9.72,9.08,9.51,9.1,16451665.0,155343581.0,2114447579.88,3188661279.63
sh603668,天马科技,2019-11-06,9.4,9.48,9.1,9.28,9.51,9295750.0,86245459.0,2063309520.64,3111543288.64
sh603668,天马科技,2019-11-07,9.19,9.65,9.15,9.63,9.28,13421735.0,127169629.0,2141128306.44,3228896753.19
sh603668,天马科技,2019-11-08,9.6,9.7,9.42,9.46,9.63,11549620.0,110301756.0,2103330610.48,3171896498.98
sh603668,天马科技,2019-11-11,9.37,9.87,9.16,9.71,9.46,19685997.0,190089146.0,2158915457.48,3255720402.23
sh603668,天马科技,2019-11-12,9.7,10.22,9.59,10.17,9.71,25953675.0,259951550.0,2261191575.96,3409956384.21
sh603668,天马科技,2019-11-13,10.0,10.16,9.85,10.11,10.17,14126050.0,141261420.0,2247851212.68,3389838647.43
sh603668,天马科技,2019-11-14,10.1,10.1,9.44,9.66,10.11,18587200.0,180131837.0,2147798488.08,3238955621.58
sh603668,天马科技,2019-11-15,9.47,10.14,9.47,9.74,9.66,16901921.0,167237720.0,2165585639.12,3265779270.62
sh603668,天马科技,2019-11-18,9.21,9.22,8.77,8.89,9.74,16963808.0,151702202.0,1976597159.32,2980777999.57
sh603668,天马科技,2019-11-19,8.9,9.2,8.9,9.11,8.89,12234822.0,110844363.0,2025511824.68,3054543034.43
sh603668,天马科技,2019-11-20,9.04,9.11,8.91,9.02,9.11,8789264.0,78978317.0,2053671588.54,3072536738.04
sh603668,天马科技,2019-11-21,9.05,9.08,8.94,8.98,9.02,5762249.0,51815116.0,2044564397.46,3058911297.96
sh603668,天马科技,2019-11-22,8.98,9.04,8.53,8.65,8.98,9894259.0,86324677.0,1969430071.05,2946501417.3
sh603668,天马科技,2019-11-25,8.66,8.68,8.41,8.44,8.65,5463686.0,46390019.0,1921617317.88,2874967856.88
sh603668,天马科技,2019-11-26,8.41,8.64,8.41,8.54,8.44,4078476.0,34739713.0,1944385295.58,2909031457.08
sh603668,天马科技,2019-11-27,8.55,8.6,8.4,8.53,8.54,3325298.0,28306246.0,1942108497.81,2905625097.06
sh603668,天马科技,2019-11-28,8.6,8.77,8.52,8.65,8.53,3881336.0,33648759.0,1969430071.05,2946501417.3
sh603668,天马科技,2019-11-29,8.71,8.71,8.43,8.59,8.65,2755987.0,23628218.0,1955769284.43,2926063257.18
sh603668,天马科技,2019-12-02,8.63,8.73,8.57,8.6,8.59,3079081.0,26657785.0,1958046082.2,2929469617.2
sh603668,天马科技,2019-12-03,8.6,8.76,8.6,8.7,8.6,2418504.0,21012880.0,1980814059.9,2963533217.4
sh603668,天马科技,2019-12-04,8.63,8.73,8.46,8.56,8.7,3651228.0,31317573.0,1948938891.12,2915844177.12
sh603668,天马科技,2019-12-05,8.53,8.59,8.48,8.54,8.56,2855968.0,24355497.0,1944385295.58,2909031457.08
sh603668,天马科技,2019-12-06,8.59,8.62,8.47,8.5,8.54,2998147.0,25549551.0,1935278104.5,2895406017.0
sh603668,天马科技,2019-12-09,8.47,8.54,8.42,8.43,8.5,2727672.0,23054693.0,1919340520.11,2871561496.86
sh603668,天马科技,2019-12-10,8.44,8.44,8.19,8.27,8.43,5215036.0,43064081.0,1882911755.79,2817059736.54
sh603668,天马科技,2019-12-11,8.3,8.3,8.13,8.15,8.27,3483511.0,28472795.0,1855590182.55,2776183416.3
sh603668,天马科技,2019-12-12,8.18,8.3,8.11,8.23,8.15,3227941.0,26466209.0,1873804564.71,2803434296.46
sh603668,天马科技,2019-12-13,8.23,8.27,8.21,8.25,8.23,3052383.0,25147712.0,1878358160.25,2810247016.5
sh603668,天马科技,2019-12-16,8.25,8.41,8.24,8.4,8.25,4277130.0,35767873.0,1912510126.8,2861342416.8
sh603668,天马科技,2019-12-17,8.4,8.62,8.35,8.58,8.4,5037687.0,42929706.0,1953492486.66,2922656897.16
sh603668,天马科技,2019-12-18,8.58,8.61,8.42,8.47,8.58,4379610.0,37255994.0,1928447711.19,2885186936.94
sh603668,天马科技,2019-12-19,8.49,8.55,8.42,8.54,8.47,3047720.0,25880276.0,1944385295.58,2909031457.08
sh603668,天马科技,2019-12-20,8.55,8.59,8.41,8.44,8.54,2436750.0,20672906.0,1921617317.88,2874967856.88
sh603668,天马科技,2019-12-23,8.42,8.44,8.24,8.24,8.44,3052214.0,25403407.0,1876081362.48,2806840656.48
sh603668,天马科技,2019-12-24,8.26,8.33,8.2,8.32,8.24,1917601.0,15835743.0,1894295744.64,2834091536.64
sh603668,天马科技,2019-12-25,8.32,8.34,8.2,8.25,8.32,2486682.0,20569232.0,1878358160.25,2810247016.5
sh603668,天马科技,2019-12-26,8.24,8.27,8.19,8.23,8.25,2483228.0,20403056.0,1873804564.71,2803434296.46
sh603668,天马科技,2019-12-27,8.24,8.27,8.19,8.2,8.23,2932865.0,24136244.0,1866974171.4,2793215216.4
sh603668,天马科技,2019-12-30,8.2,8.25,8.1,8.24,8.2,2824992.0,23129003.0,1876081362.48,2806840656.48
sh603668,天马科技,2019-12-31,8.27,8.32,8.2,8.26,8.24,3471460.0,28645541.0,1880634958.02,2813653376.52
sh603668,天马科技,2020-01-02,8.29,8.4,8.25,8.31,8.26,6297334.0,52472806.0,1892018946.87,2830685176.62
sh603668,天马科技,2020-01-03,8.23,8.62,8.2,8.52,8.31,8696135.0,73167618.0,1939831700.04,2902218737.04
sh603668,天马科技,2020-01-06,8.42,8.55,8.38,8.49,8.52,5464870.0,46169629.0,1933001306.73,2891999656.98
sh603668,天马科技,2020-01-07,8.55,9.3,8.55,8.97,8.49,14981501.0,134586923.0,2042287599.69,3055504937.94
sh603668,天马科技,2020-01-08,8.89,8.94,8.71,8.82,8.97,7638159.0,67246349.0,2008135633.14,3004409537.64
sh603668,天马科技,2020-01-09,8.88,9.05,8.75,8.79,8.82,6017984.0,53142408.0,2001305239.83,2994190457.58
sh603668,天马科技,2020-01-10,8.8,8.81,8.64,8.66,8.79,3952200.0,34329950.0,1971706868.82,2949907777.32
sh603668,天马科技,2020-01-13,8.64,8.72,8.55,8.69,8.66,4193299.0,36278983.0,1978537262.13,2960126857.38
sh603668,天马科技,2020-01-14,8.7,8.76,8.62,8.65,8.69,3308414.0,28669126.0,1969430071.05,2946501417.3
sh603668,天马科技,2020-01-15,8.66,8.66,8.5,8.5,8.65,2828606.0,24186211.0,1935278104.5,2895406017.0
sh603668,天马科技,2020-01-16,8.66,8.66,8.51,8.52,8.5,3294432.0,28216879.0,1939831700.04,2902218737.04
sh603668,天马科技,2020-01-17,8.52,8.61,8.38,8.42,8.52,3590318.0,30422402.0,2850226851.84,2868155136.84
sh603668,天马科技,2020-01-20,8.42,8.55,8.33,8.48,8.42,2679966.0,22668395.0,2870537256.96,2888593296.96
sh603668,天马科技,2020-01-21,8.48,8.66,8.41,8.56,8.48,3842920.0,32870930.0,2897617797.12,2915844177.12
sh603668,天马科技,2020-01-22,8.52,8.62,8.39,8.43,8.56,3177092.0,26879044.0,2853611919.36,2871561496.86
sh603668,天马科技,2020-01-23,8.4,8.4,8.08,8.25,8.43,4923971.0,40337868.0,2792680704.0,2810247016.5
sh603668,天马科技,2020-02-03,7.43,7.43,7.43,7.43,8.25,727100.0,5402353.0,2515105167.36,2530925494.86
sh603668,天马科技,2020-02-04,6.71,7.55,6.71,7.25,7.43,6913128.0,49852953.0,2454173952.0,2469611014.5
sh603668,天马科技,2020-02-05,7.44,7.51,7.17,7.24,7.25,5615454.0,41162651.0,2450788884.48,2466204654.48
sh603668,天马科技,2020-02-06,7.25,7.96,7.19,7.96,7.24,11611060.0,89611732.0,2694513745.92,2711462575.92
sh603668,天马科技,2020-02-07,8.0,8.33,7.7,7.71,7.96,22176424.0,174718764.0,2609887057.92,2626303575.42
sh603668,天马科技,2020-02-10,7.63,8.48,7.43,8.27,7.71,27066052.0,218330949.0,2799450839.04,2817059736.54
sh603668,天马科技,2020-02-11,8.1,8.12,7.81,7.88,8.27,14023045.0,111493412.0,2667433205.76,2684211695.76
sh603668,天马科技,2020-02-12,7.8,7.98,7.8,7.89,7.88,7232317.0,57067370.0,2670818273.28,2687618055.78
sh603668,天马科技,2020-02-13,7.87,7.87,7.71,7.72,7.89,5904742.0,45884748.0,2613272125.44,2629709935.44
sh603668,天马科技,2020-02-14,7.73,7.75,7.65,7.68,7.72,4500903.0,34656729.0,2599731855.36,2616084495.36
sh603668,天马科技,2020-02-17,7.74,7.93,7.73,7.93,7.68,7560492.0,59528719.0,2684358543.36,2701243495.86
sh603668,天马科技,2020-02-18,7.93,7.95,7.85,7.95,7.93,7715170.0,60938697.0,2691128678.4,2708056215.9
sh603668,天马科技,2020-02-19,7.95,8.3,7.9,8.2,7.95,15012580.0,122850423.0,2775755366.4,2793215216.4
sh603668,天马科技,2020-02-20,8.22,8.32,8.02,8.19,8.2,10953961.0,89584520.0,2772370298.88,2789808856.38
sh603668,天马科技,2020-02-21,8.15,8.27,8.1,8.22,8.19,8964223.0,73352159.0,2782525501.44,2800027936.44
sh603668,天马科技,2020-02-24,8.16,8.32,8.07,8.24,8.22,7759728.0,63755887.0,2789295636.48,2806840656.48
sh603668,天马科技,2020-02-25,8.1,8.14,7.91,8.09,8.24,8521228.0,68625590.0,2738519623.68,2755745256.18
sh603668,天马科技,2020-02-26,8.1,8.41,8.04,8.15,8.09,13061235.0,107456761.0,2758830028.8,2776183416.3
sh603668,天马科技,2020-02-27,8.2,8.43,8.1,8.4,8.15,12003432.0,99352520.0,2843456716.8,2861342416.8
sh603668,天马科技,2020-02-28,8.0,8.19,7.81,7.85,8.4,10420097.0,83506335.0,2657278003.2,2673992615.7
sh603668,天马科技,2020-03-02,7.85,8.03,7.79,7.96,7.85,6529787.0,51794916.0,2694513745.92,2711462575.92
sh603668,天马科技,2020-03-03,7.99,8.06,7.85,7.86,7.96,8999651.0,71734214.0,2660663070.72,2677398975.72
sh603668,天马科技,2020-03-04,7.85,7.85,7.66,7.77,7.86,7377695.0,57106963.0,2630197463.04,2646741735.54
sh603668,天马科技,2020-03-05,7.82,8.23,7.76,8.19,7.77,17497798.0,141178997.0,2772370298.88,2789808856.38
sh603668,天马科技,2020-03-06,8.1,8.27,8.03,8.16,8.19,9339221.0,76161106.0,2762215096.32,2779589776.32
sh603668,天马科技,2020-03-09,8.05,8.25,7.88,7.88,8.16,9212755.0,74391760.0,2667433205.76,2684211695.76
sh603668,天马科技,2020-03-10,7.81,7.91,7.6,7.89,7.88,8618372.0,66706931.0,2670818273.28,2687618055.78
sh603668,天马科技,2020-03-11,7.89,8.18,7.86,8.01,7.89,8815836.0,71021963.0,2711439083.52,2728494376.02
sh603668,天马科技,2020-03-12,7.92,7.92,7.74,7.86,8.01,6926411.0,54005980.0,2660663070.72,2677398975.72
sh603668,天马科技,2020-03-13,7.53,7.87,7.5,7.79,7.86,5927196.0,45626539.0,2636967598.08,2653554455.58
sh603668,天马科技,2020-03-16,7.85,8.01,7.7,7.73,7.79,7062981.0,55379864.0,2616657192.96,2633116295.46
sh603668,天马科技,2020-03-17,7.74,8.27,7.6,8.24,7.73,20815819.0,167427886.0,2789295636.48,2806840656.48
sh603668,天马科技,2020-03-18,8.27,9.06,8.27,8.62,8.24,32051733.0,278876419.0,2917928202.24,2936282337.24
sh603668,天马科技,2020-03-19,8.52,9.18,8.31,8.91,8.62,23745978.0,208594458.0,3016095160.32,3035066777.82
sh603668,天马科技,2020-03-20,8.93,9.24,8.78,8.84,8.91,20335781.0,183304962.0,2992399687.68,3011222257.68
sh603668,天马科技,2020-03-23,8.7,9.46,8.68,9.27,8.84,22430833.0,206276726.0,3137957591.04,3157695738.54
sh603668,天马科技,2020-03-24,9.3,9.47,9.11,9.46,9.27,15876087.0,147680400.0,3202273873.92,3222416578.92
sh603668,天马科技,2020-03-25,9.51,9.62,9.3,9.38,9.46,11702664.0,110115452.0,3175193333.76,3195165698.76
sh603668,天马科技,2020-03-26,9.3,9.6,8.9,9.15,9.38,14142047.0,131245272.0,3097336780.8,3116819418.3
sh603668,天马科技,2020-03-27,9.28,9.37,8.9,8.94,9.15,11813249.0,107323028.0,3026250362.88,3045285857.88
sh603668,天马科技,2020-03-30,8.91,9.08,8.67,8.75,8.94,9691165.0,86070055.0,2961934080.0,2980565017.5
sh603668,天马科技,2020-03-31,8.9,9.63,8.76,9.63,8.75,11172834.0,104703501.0,3259820021.76,3280324699.26
sh603668,天马科技,2020-04-01,10.49,10.49,8.67,8.9,9.63,47423794.0,457649240.0,3012710092.8,3031660417.8
sh603668,天马科技,2020-04-02,8.68,9.45,8.68,9.28,8.9,26927822.0,242257122.0,3141342658.56,3161102098.56
sh603668,天马科技,2020-04-03,9.27,9.85,9.27,9.57,9.28,23003022.0,221032006.0,3239509616.64,3259886539.14
sh603668,天马科技,2020-04-07,9.57,10.35,9.57,10.29,9.57,24505164.0,246696191.0,3483234478.08,3505144460.58
sh603668,天马科技,2020-04-08,10.28,10.9,9.77,10.18,10.29,20611667.0,210855449.0,3445998735.36,3467674500.36
sh603668,天马科技,2020-04-09,10.38,10.38,9.95,10.1,10.18,11250612.0,113935698.0,3418918195.2,3440423620.2
sh603668,天马科技,2020-04-10,10.15,10.5,10.0,10.49,10.1,14001490.0,144222334.0,3550935828.48,3573271660.98
sh603668,天马科技,2020-04-13,10.5,10.64,10.0,10.21,10.49,12572487.0,128292945.0,3456153937.92,3477893580.42
sh603668,天马科技,2020-04-14,10.2,10.55,10.07,10.36,10.21,8221322.0,84963914.0,3506929950.72,3528988980.72
sh603668,天马科技,2020-04-15,10.25,10.34,9.98,10.05,10.36,8241917.0,83292305.0,3401992857.6,3423391820.1
sh603668,天马科技,2020-04-16,10.17,10.2,9.89,9.99,10.05,7585172.0,75981137.0,3381682452.48,3402953659.98
sh603668,天马科技,2020-04-17,10.05,10.64,10.05,10.48,9.99,12756375.0,132978436.0,3547550760.96,3569865300.96
sh603668,天马科技,2020-04-20,10.59,11.14,10.37,10.99,10.48,13465916.0,145861562.0,3720189204.48,3743589661.98
sh603668,天马科技,2020-04-21,10.93,11.36,10.88,11.08,10.99,14880828.0,165061829.0,3750654812.16,3774246902.16
sh603668,天马科技,2020-04-22,11.14,11.45,10.92,11.37,11.08,11334036.0,126869039.0,3848821770.24,3873031342.74
sh603668,天马科技,2020-04-23,11.35,11.61,11.22,11.36,11.37,11187459.0,127448180.0,3845436702.72,3869624982.72
sh603668,天马科技,2020-04-24,11.28,11.53,11.2,11.27,11.36,12634161.0,143853870.0,3814971095.04,3838967742.54
sh603668,天马科技,2020-04-27,11.51,12.05,11.25,11.88,11.27,16024065.0,188102712.0,4021460213.76,4046755703.76
sh603668,天马科技,2020-04-28,11.81,12.05,11.3,11.82,11.88,10961079.0,129513826.0,4001149808.64,4026317543.64
sh603668,天马科技,2020-04-29,11.96,12.4,11.7,12.17,11.82,11410055.0,137966505.0,4119627171.84,4145540144.34
sh603668,天马科技,2020-04-30,12.35,12.4,11.4,11.59,12.17,16791111.0,197366573.0,3923293255.68,3947971263.18
sh603668,天马科技,2020-05-06,11.63,12.28,11.62,12.2,11.59,13884178.0,167024351.0,4129782374.4,4155759224.4
sh603668,天马科技,2020-05-07,12.23,12.42,11.95,12.05,12.2,10590797.0,128831776.0,4079006361.6,4104663824.1
sh603668,天马科技,2020-05-08,12.16,12.18,11.7,11.88,12.05,8837096.0,104777759.0,4021460213.76,4046755703.76
sh603668,天马科技,2020-05-11,12.02,12.05,11.62,11.86,11.88,7196352.0,84775606.0,4014690078.72,4039942983.72
sh603668,天马科技,2020-05-12,11.86,12.46,11.63,12.16,11.86,8882862.0,108097730.0,4116242104.32,4142133784.32
sh603668,天马科技,2020-05-13,12.18,12.35,11.99,12.34,12.16,5182524.0,63212554.0,4177173319.68,4203448264.68
sh603668,天马科技,2020-05-14,12.15,12.34,11.88,12.18,12.34,6042861.0,73127430.0,4123012239.36,4148946504.36
sh603668,天马科技,2020-05-15,12.2,12.45,12.1,12.32,12.18,6945142.0,85390550.0,4170403184.64,4196635544.64
sh603668,天马科技,2020-05-18,12.45,12.55,12.09,12.21,12.32,6843181.0,83719506.0,4133167441.92,4159165584.42
sh603668,天马科技,2020-05-19,12.33,12.45,12.16,12.39,12.21,5079243.0,62628282.0,4194098657.28,4220480064.78
sh603668,天马科技,2020-05-20,12.63,12.63,12.24,12.43,12.39,5982300.0,73908875.0,4207638927.36,4234105504.86
sh603668,天马科技,2020-05-21,12.38,13.16,12.24,13.09,12.43,16207372.0,208462105.0,4431053383.68,4458925266.18
sh603668,天马科技,2020-05-22,13.1,13.16,11.78,11.91,13.09,19948141.0,245913883.0,4031615416.32,4056974783.82
sh603668,天马科技,2020-05-25,11.84,11.88,10.79,10.82,11.91,12371790.0,137421163.0,3662643056.64,3685681541.64
sh603668,天马科技,2020-05-26,11.05,11.87,11.05,11.7,10.82,17261020.0,199165833.0,3960528998.4,3985441223.4
sh603668,天马科技,2020-05-27,11.76,11.98,11.2,11.33,11.7,11602623.0,133364262.0,3835281500.16,3859405902.66
sh603668,天马科技,2020-05-28,11.49,11.7,10.2,10.2,11.33,15953896.0,167040873.0,3452768870.4,3474487220.4
sh603668,天马科技,2020-05-29,9.18,10.0,9.18,9.73,10.2,24872796.0,235463894.0,3293670696.96,3314388299.46
sh603668,天马科技,2020-06-01,9.48,9.74,9.36,9.6,9.73,19842419.0,188468903.0,3249664819.2,3270105619.2
sh603668,天马科技,2020-06-02,9.63,9.74,9.49,9.49,9.6,12162212.0,116675402.0,3212429076.48,3232635658.98
sh603668,天马科技,2020-06-03,9.54,9.54,9.3,9.4,9.49,9475589.0,89017932.0,3181963468.8,3201978418.8
sh603668,天马科技,2020-06-04,9.38,9.58,9.25,9.57,9.4,10798206.0,101717406.0,3239509616.64,3259886539.14
sh603668,天马科技,2020-06-05,9.53,9.56,9.37,9.41,9.57,6773240.0,63903963.0,3185348536.32,3205384778.82
sh603668,天马科技,2020-06-08,9.42,9.48,9.37,9.44,9.41,4180787.0,39451290.0,3195503738.88,3215603858.88
sh603668,天马科技,2020-06-09,9.44,10.18,9.4,10.09,9.44,14123610.0,138963733.0,3415533127.68,3437017260.18
sh603668,天马科技,2020-06-10,10.01,10.19,9.74,9.85,10.09,8743232.0,86678800.0,3334291507.2,3355264619.7
sh603668,天马科技,2020-06-11,9.76,10.0,9.7,9.85,9.85,5871480.0,57790473.0,3334291507.2,3355264619.7
sh603668,天马科技,2020-06-12,9.7,9.92,9.6,9.85,9.85,3498852.0,34332560.0,3334291507.2,3355264619.7
sh603668,天马科技,2020-06-15,9.85,10.44,9.79,10.14,9.85,10521011.0,107405472.0,3432458465.28,3454049060.28
sh603668,天马科技,2020-06-16,10.28,10.5,10.15,10.41,10.14,10850878.0,112256485.0,3523855288.32,3546020780.82
sh603668,天马科技,2020-06-17,10.42,10.51,10.15,10.2,10.41,5937346.0,61122648.0,3452768870.4,3474487220.4
sh603668,天马科技,2020-06-18,10.25,10.55,10.23,10.44,10.2,8137100.0,84632607.0,3534010490.88,3556239860.88
sh603668,天马科技,2020-06-19,10.38,10.62,10.26,10.48,10.44,9610522.0,100261697.0,3547550760.96,3569865300.96
sh603668,天马科技,2020-06-22,10.45,10.5,10.32,10.43,10.48,6356999.0,66130143.0,3530625423.36,3552833500.86
sh603668,天马科技,2020-06-23,10.55,10.56,10.22,10.29,10.43,7826298.0,80803372.0,3483234478.0800004,3505144460.58
sh603668,天马科技,2020-06-24,10.3,10.44,10.15,10.23,10.29,3940501.0,40347497.0,3462924072.96,3484706300.46
sh603668,天马科技,2020-06-29,10.1,10.35,9.94,9.98,10.23,5308060.0,53434289.0,3378297384.96,3399547299.96
sh603668,天马科技,2020-06-30,10.1,10.26,9.98,10.07,9.98,4830289.0,48825232.0,3408762992.64,3430204540.1400003
sh603668,天马科技,2020-07-01,10.08,10.14,9.99,10.05,10.07,4291678.0,43114839.0,3401992857.6,3423391820.1
sh603668,天马科技,2020-07-02,10.05,10.19,9.89,10.15,10.05,6794236.0,68198216.0,3435843532.8,3457455420.3
sh603668,天马科技,2020-07-03,10.15,10.37,10.04,10.32,10.15,7073644.0,72307047.0,3493389680.6400003,3515363540.6400003
sh603668,天马科技,2020-07-06,10.35,10.53,10.25,10.45,10.32,13617479.0,141564659.0,3537395558.4,3559646220.9
sh603668,天马科技,2020-07-07,10.5,10.72,10.21,10.47,10.45,17557333.0,183322826.0,3544165693.44,3566458940.94
sh603668,天马科技,2020-07-08,10.52,11.41,10.4,11.34,10.47,17835528.0,195875871.0,3838666567.68,3862812262.68
sh603668,天马科技,2020-07-09,11.3,11.91,10.91,11.46,11.34,22329711.0,251003075.0,3879287377.92,3903688582.92
sh603668,天马科技,2020-07-10,11.47,12.0,10.89,10.94,11.46,31844723.0,365216791.0,3703263866.88,3726557861.88
sh603668,天马科技,2020-07-13,10.74,11.2,10.71,11.13,10.94,29906422.0,329935718.0,3767580149.76,3791278702.26
sh603668,天马科技,2020-07-14,11.1,11.12,10.7,10.91,11.13,17876026.0,194496373.0,3693108664.32,3716338781.82
sh603668,天马科技,2020-07-15,10.9,10.99,10.52,10.53,10.91,11469610.0,122491040.0,3564476098.56,3586897101.06
sh603668,天马科技,2020-07-16,10.58,10.59,9.64,9.64,10.53,13750823.0,139728862.0,3263205089.28,3283731059.28
sh603668,天马科技,2020-07-17,9.66,9.83,9.34,9.55,9.64,11419383.0,108532238.0,3232739481.6000004,3253073819.1
sh603668,天马科技,2020-07-20,9.57,9.84,9.57,9.84,9.55,9324746.0,90551291.0,3330906439.6800003,3351858259.68
sh603668,天马科技,2020-07-21,9.9,10.14,9.82,10.06,9.84,8379398.0,83802894.0,3405377925.1200004,3426798180.12
sh603668,天马科技,2020-07-22,10.07,10.13,9.96,9.98,10.06,7074599.0,70968796.0,3378297384.96,3399547299.96
sh603668,天马科技,2020-07-23,9.93,10.13,9.88,10.06,9.98,7086171.0,70920147.0,3405377925.1200004,3426798180.12
sh603668,天马科技,2020-07-24,10.04,10.16,9.63,9.72,10.06,7995126.0,79216123.0,3290285629.44,3310981939.44
sh603668,天马科技,2020-07-27,9.8,9.85,9.3,9.43,9.72,8806344.0,83745789.0,3192118671.36,3212197498.86
sh603668,天马科技,2020-07-28,9.45,9.73,9.33,9.7,9.43,7654126.0,73116356.0,3283515494.4,3304169219.4
sh603668,天马科技,2020-07-29,9.72,10.12,9.72,10.09,9.7,9844725.0,97988606.0,3415533127.68,3437017260.18
sh603668,天马科技,2020-07-30,9.95,10.89,9.93,10.76,10.09,25234519.0,265148475.0,3642332651.52,3665243381.52
sh603668,天马科技,2020-07-31,10.61,11.14,10.35,11.06,10.76,27618547.0,296677546.0,3743884677.12,3767434182.12
sh603668,天马科技,2020-08-03,11.01,11.19,10.87,11.08,11.06,22905885.0,252554744.0,3750654812.16,3774246902.16
sh603668,天马科技,2020-08-04,11.18,11.35,10.89,11.14,11.08,24980716.0,279264174.0,3770965217.28,3794685062.28
sh603668,天马科技,2020-08-05,11.01,11.26,10.82,11.12,11.14,19363975.0,213912084.0,3764195082.24,3787872342.24
sh603668,天马科技,2020-08-06,11.08,11.18,10.7,10.89,11.12,16419129.0,178874807.0,3686338529.28,3709526061.78
sh603668,天马科技,2020-08-07,10.96,11.1,10.52,10.82,10.89,12382407.0,133269423.0,3662643056.64,3685681541.64
sh603668,天马科技,2020-08-10,10.79,10.88,10.55,10.66,10.82,10604453.0,113445601.0,3608481976.32,3631179781.32
sh603668,天马科技,2020-08-11,10.68,11.1,10.52,10.53,10.66,16753484.0,180838699.0,3564476098.56,3586897101.06
sh603668,天马科技,2020-08-12,10.3,10.73,10.16,10.7,10.53,13853365.0,144823230.0,3622022246.4,3644805221.4
sh603668,天马科技,2020-08-13,10.63,11.16,10.52,10.96,10.7,20608277.0,225648764.0,3710034001.92,3733370581.92
sh603668,天马科技,2020-08-14,10.93,11.0,10.71,10.98,10.96,10433385.0,113237563.0,3716804136.96,3740183301.96
sh603668,天马科技,2020-08-17,11.03,11.26,10.95,11.01,10.98,14114470.0,156589223.0,3726959339.52,3750402382.02
sh603668,天马科技,2020-08-18,10.93,11.53,10.93,11.4,11.01,19645918.0,221964493.0,3858976972.8,3883250422.8
sh603668,天马科技,2020-08-19,11.39,11.54,11.15,11.26,11.4,15526308.0,175920653.0,3811586027.52,3835561382.52
sh603668,天马科技,2020-08-20,11.2,11.46,11.05,11.09,11.26,10783563.0,121041299.0,3754039879.68,3777653262.18
sh603668,天马科技,2020-08-21,11.18,11.42,11.12,11.35,11.09,10040210.0,113286685.0,3842051635.2,3866218622.7
sh603668,天马科技,2020-08-24,11.37,11.66,11.33,11.43,11.35,11519480.0,132214130.0,3869132175.36,3893469502.86
sh603668,天马科技,2020-08-25,11.41,11.64,11.09,11.15,11.43,13617325.0,153851705.0,3774350284.8,3798091422.3
sh603668,天马科技,2020-08-26,11.19,11.29,10.79,10.89,11.15,10149140.0,111857607.0,3686338529.28,3709526061.78
sh603668,天马科技,2020-08-27,10.91,11.26,10.8,11.25,10.89,8262057.0,91320874.0,3808200960.0,3832155022.5
sh603668,天马科技,2020-08-28,11.22,12.35,11.15,11.79,11.25,26767631.0,319921715.0,3990994606.08,4016098463.58
sh603668,天马科技,2020-08-31,12.16,12.16,11.45,11.51,11.79,14275103.0,166463912.0,3896212715.52,3920720383.02
sh603668,天马科技,2020-09-01,11.65,11.65,11.31,11.5,11.51,9591536.0,109872202.0,3892827648.0,3917314023.0
sh603668,天马科技,2020-09-02,11.5,11.69,11.31,11.48,11.5,9485869.0,108475848.0,3886057512.96,3910501302.96
sh603668,天马科技,2020-09-03,11.41,11.55,11.27,11.31,11.48,6299780.0,71701478.0,3828511365.12,3852593182.62
sh603668,天马科技,2020-09-04,11.12,11.16,10.87,10.96,11.31,7504446.0,82497572.0,3710034001.92,3723739481.92
sh603668,天马科技,2020-09-07,10.98,11.05,10.51,10.55,10.96,8520400.0,91651721.0,3571246233.600001,3584439008.6
sh603668,天马科技,2020-09-08,10.55,10.72,10.26,10.43,10.55,7943921.0,82961276.0,3530625423.36,3543668138.36
sh603668,天马科技,2020-09-09,10.33,10.36,10.0,10.02,10.43,7827116.0,79638012.0,3391837655.04,3404367665.04
sh603668,天马科技,2020-09-10,10.14,10.16,9.93,9.97,10.02,5535206.0,55533262.0,3374912317.44,3387379802.44
sh603668,天马科技,2020-09-11,9.96,10.13,9.87,10.07,9.97,3939030.0,39443772.0,3408762992.64,3421355527.6400003
sh603668,天马科技,2020-09-14,10.07,10.17,9.95,10.04,10.07,4175300.0,42052111.0,3398607790.08,3411162810.0800004
sh603668,天马科技,2020-09-15,10.07,10.25,9.97,10.25,10.04,3625806.0,36577823.0,3469694208.0,3482511832.9999995
sh603668,天马科技,2020-09-16,10.25,10.28,9.94,10.06,10.25,3788256.0,38129102.0,3405377925.1200004,3417957955.12
sh603668,天马科技,2020-09-17,10.08,10.08,9.78,9.84,10.06,6078395.0,59983027.0,3330906439.6800003,3343211359.68
sh603668,天马科技,2020-09-18,9.82,9.97,9.78,9.92,9.84,4377082.0,43278719.0,3357986979.84,3370391939.84
sh603668,天马科技,2020-09-21,9.96,10.08,9.86,10.01,9.92,4126457.0,41280614.0,3388452587.52,3400970092.52
sh603668,天马科技,2020-09-22,9.91,9.97,9.79,9.84,10.01,3052296.0,30147720.0,3330906439.6800003,3343211359.68
sh603668,天马科技,2020-09-23,9.86,9.92,9.76,9.82,9.84,2939820.0,28878195.0,3324136304.64,3336416214.6400003
sh603668,天马科技,2020-09-24,9.8,9.83,9.52,9.53,9.82,4075520.0,39302095.0,3225969346.56,3237886611.56
sh603668,天马科技,2020-09-25,9.55,9.64,9.1,9.2,9.53,6210340.0,57717642.0,3114262118.4,3125766718.4
